site_id,new_id,sitename,district
4549,1,1ST SAMOAN CONGREGATIONAL CHURCH,
20,2,37 ECB,
5169,3,64 DEGREES,
5,4,A.B & JESSIE POLINSKY CHILDREN'S CENTER,
4785,5,ABBY REINKE YOUTH CENTER,
9,6,ABRAXAS CONTINUATION HIGH,POWAY UNIFIED
13,7,ACADEMY OF ARTS AND SCIENCES,MOUNTAIN EMPIRE UNIFIED
17,8,ACADEMY OF ARTS AND SCIENCES: DEL MAR ELEMENTARY (K-5),MOUNTAIN EMPIRE UNIFIED
21,9,ACADEMY OF ARTS AND SCIENCES: DEL MAR MIDDLE & HIGH (6-12),MOUNTAIN EMPIRE UNIFIED
25,10,ACADEMY OF ARTS AND SCIENCES: EL CAJON ELEMENTARY (K-5),MOUNTAIN EMPIRE UNIFIED
29,11,ACADEMY OF ARTS AND SCIENCES: EL CAJON MIDDLE AND HIGH (6-12),MOUNTAIN EMPIRE UNIFIED
33,12,ADA W. HARRIS ELEMENTARY,CARDIFF ELEMENTARY
37,13,ADAMS ELEMENTARY,SAN DIEGO UNIFIED
4853,14,ADAMS REC CENTER,
4857,15,ADMIRAL HARTMAN CYP,
41,16,ADOBE BLUFFS ELEMENTARY,POWAY UNIFIED
5173,17,AL RAHMA LEARNING CENTER,
45,18,ALAMOSA PARK ELEMENTARY,VISTA UNIFIED
49,19,ALBA,
,20,ALBA-ANNEX,SAN DIEGO UNIFIED
53,21,ALBERT EINSTEIN ACADEMY CHARTER ELEMENTARY,SAN DIEGO UNIFIED
57,22,ALBERT EINSTEIN ACADEMY CHARTER MIDDLE,SAN DIEGO UNIFIED
61,23,ALBERT EINSTEIN ACADEMY ELEMENTARY,
65,24,"ALBERT EINSTEIN ACADEMY FOR LETTERS, ARTS & SCIENCES - AGUA DULC",
69,25,"ALBERT EINSTEIN ACADEMY FOR LETTERS, ARTS & SCIENCES - ODYSSEY",
73,26,"ALBERT EINSTEIN ACADEMY FOR LETTERS, ARTS AND SCIENCES",
77,27,ALCOTT ELEMENTARY,SAN DIEGO UNIFIED
81,28,ALL TRIBES CHARTER,WARNER UNIFIED
85,29,ALL TRIBES ELEMENTARY CHARTER,WARNER UNIFIED
89,30,ALLEN (ELLA B.) ELEMENTARY,CHULA VISTA ELEMENTARY
4861,31,ALLIED GARDENS PARK & REC,
5205,32,ALPINE COMMUNITY DAY,ALPINE UNION ELEMENTARY
93,33,ALPINE ELEMENTARY,ALPINE UNION ELEMENTARY
97,34,ALTA VISTA ACADEMY,SWEETWATER UNION HIGH
101,35,ALTA VISTA HIGH (CONTINUATION),VISTA UNIFIED
105,36,ALVIN M. DUNN ELEMENTARY,SAN MARCOS UNIFIED
109,37,AMERICA'S FINEST CHARTER,SAN DIEGO UNIFIED
,38,AMERICA'S FINEST CHARTER HIGH,SAN DIEGO UNIFIED
113,39,ANGIER ELEMENTARY,SAN DIEGO UNIFIED
117,40,ANZA ELEMENTARY,CAJON VALLEY UNION
121,41,ARROYO PASEO CHARTER HIGH,SAN DIEGO UNIFIED
125,42,ARROYO VISTA CHARTER,CHULA VISTA ELEMENTARY
129,43,ASELTINE,
133,44,ASHLEY FALLS ELEMENTARY,DEL MAR UNION ELEMENTARY
4553,45,ATMOSPHERE APARTMENTS,
137,46,AUDEO CHARTER,SAN DIEGO UNIFIED
141,47,AUDEO CHARTER II,SBE - AUDEO CHARTER II
145,48,AUDEO CHARTER SCHOOL III,ESCONDIDO UNION HIGH
149,49,AUDUBON K-8,SAN DIEGO UNIFIED
153,50,AUTUMN,
157,51,AVIARA OAKS ELEMENTARY,CARLSBAD UNIFIED
161,52,AVIARA OAKS MIDDLE,CARLSBAD UNIFIED
165,53,AVOCADO ELEMENTARY,CAJON VALLEY UNION
169,54,AVONDALE ELEMENTARY,LA MESA-SPRING VALLEY
31,55,AVVY REINKE YOUTH CENTER,
4865,56,AZELEA REC CENTER,
4261,57,BAKER BRANCH,
173,58,BAKER ELEMENTARY,SAN DIEGO UNIFIED
177,59,BALBOA CITY SCHOOL-ANNEX,
181,60,BALBOA ELEMENTARY,SAN DIEGO UNIFIED
4869,61,BALBOA MORLEY FIELD SPORTS COMPLEX,
4789,62,BALDERRAMA COMMUNITY CENTER,
4793,63,BALDERRAMA PARK,
185,64,BALLINGTON ACADEMY FOR THE ARTS AND SCIENCES,
189,65,BALLINGTON ACADEMY FOR THE ARTS AND SCIENCES - SAN BERNARDINO,
4873,66,BAME CDC,
193,67,BANCROFT ELEMENTARY,LA MESA-SPRING VALLEY
197,68,BANDINI PRIMARY,SAN DIEGO UNIFIED
201,69,BARNARD ELEMENTARY,SAN DIEGO UNIFIED
205,70,BARNETT ELEMENTARY,RAMONA CITY UNIFIED
213,71,BARONA INDIAN CHARTER,LAKESIDE UNION ELEMENTARY
4381,72,BARONA RECREATION CENTER,
209,73,BARRETT,
217,74,BAY PARK ELEMENTARY,SAN DIEGO UNIFIED
221,75,BAY POINT PRE K,
4877,76,BAY VIEW CYP,
225,77,BAYPOINT PREPARATORY ACADEMY - SAN DIEGO,SBE - BAYPOINT PREPARATORY ACADEMY SAN DIEGO
229,78,BAYSHORE PREPARATORY CHARTER,SAN MARCOS UNIFIED
233,79,BAYSIDE BLENDED COMMUNITY SCHOOL,
4881,80,BAYSIDE COMMUNITY CENTER,
237,81,BAYSIDE ELEMENTARY,SOUTH BAY UNION
241,82,BAYSIDE STEAM ACADEMY,SOUTH BAY UNION
245,83,BAYVIEW CDC,
249,84,BEACON CLASSICAL ACADEMY ELEMENTARY CHARTER,JULIAN UNION ELEMENTARY
253,85,BEACON CLASSICAL ACADEMY NATIONAL CITY,NATIONAL ELEMENTARY
257,86,BEAR VALLEY MIDDLE,ESCONDIDO UNION
261,87,BEAUMONT ELEMENTARY,VISTA UNIFIED
265,88,BELL MIDDLE,SAN DIEGO UNIFIED
269,89,BELLA MENTE MONTESSORI ACADEMY,VISTA UNIFIED
273,90,BENCHLEY/WEINBERGER ELEMENTARY,SAN DIEGO UNIFIED
277,91,BERNARDO ELEMENTARY,ESCONDIDO UNION
281,92,BERNARDO HEIGHTS MIDDLE,POWAY UNIFIED
4749,93,BERRY STREET PARK,
4349,94,BEST SUMMER BRIDGE 2010,
285,95,BETHUNE K-8,SAN DIEGO UNIFIED
5153,96,BGC KUMEYAAY NATION,
38,97,BGCSC- CHULA VISTA BRANCH,
289,98,BIRD ROCK ELEMENTARY,SAN DIEGO UNIFIED
293,99,BIRNEY ELEMENTARY,SAN DIEGO UNIFIED
297,100,BLACK MOUNTAIN MIDDLE,POWAY UNIFIED
301,101,BLESSED SACRAMENT ELEMENTARY,GROSSMONT UNION HIGH
5177,102,BLESSED SACRAMENT PARISH SCHOOL,
305,103,BLOSSOM VALLEY ELEMENTARY,CAJON VALLEY UNION
309,104,BOBIER ELEMENTARY,VISTA UNIFIED
313,105,BONITA VISTA MIDDLE,SWEETWATER UNION HIGH
317,106,BONITA VISTA SENIOR HIGH,SWEETWATER UNION HIGH
321,107,BONSALL ELEMENTARY,BONSALL UNIFIED
325,108,BONSALL HIGH,BONSALL UNIFIED
329,109,BONSALL WEST ELEMENTARY,BONSALL UNIFIED
333,110,BOONE ELEMENTARY,SAN DIEGO UNIFIED
4557,111,BORDER VIEW YMCA,
4385,112,BORREGO SPRINGS BRANCH LIBRARY,
337,113,BORREGO SPRINGS ELEMENTARY,BORREGO SPRINGS UNIFIED
341,114,BORREGO SPRINGS HIGH,BORREGO SPRINGS UNIFIED
345,115,BORREGO SPRINGS MIDDLE,BORREGO SPRINGS UNIFIED
349,116,BOSTONIA LANGUAGE ACADEMY,CAJON VALLEY UNION
353,117,BOULDER OAKS ELEMENTARY,ALPINE UNION ELEMENTARY
4337,118,BOYS   GIRLS CLUB OLEANDER,
5133,119,BOYS & GIRLS CLUB,
4797,120,BOYS & GIRLS CLUB @ LIBBY ELEMENTARY SCHOOL,
5061,121,BOYS AND GIRLS CLUB IMPERIAL BEACH,
4501,122,BOYS AND GIRLS CLUB OF EAST COUNTY,
4389,123,BOYS AND GIRLS CLUB SAN MARCOS,
4505,124,BOYS AND GIRLS CLUB SANTEE,
4801,125,BOYS/GIRLS CLUB COUNTRY CLUB LANE,
357,126,BREAKING CYCLES,
361,127,BREEZE HILL ELEMENTARY,VISTA UNIFIED
5145,128,BRENGLE TERRACE RECREATION CENTER,
4265,129,BRONNER BRANCH,
365,130,BROOKLYN CDC,
369,131,BUENA VISTA ELEMENTARY,CARLSBAD UNIFIED
373,132,BURBANK ELEMENTARY,SAN DIEGO UNIFIED
4885,133,CABRILLO CYP,
377,134,CABRILLO ELEMENTARY,SAN DIEGO UNIFIED
4561,135,CABRILLO NATIONAL MONUMENT,
381,136,CADMAN ELEMENTARY,SAN DIEGO UNIFIED
4889,137,CADMAN RECREATION CENTER,
385,138,CAJON PARK ELEMENTARY,SANTEE
389,139,CAJON VALLEY COMMUNITY DAY,CAJON VALLEY UNION
393,140,CAJON VALLEY HOME,CAJON VALLEY UNION
397,141,CAJON VALLEY MIDDLE,CAJON VALLEY UNION
401,142,CALAVERA HILLS ELEMENTARY,CARLSBAD UNIFIED
405,143,CALAVERA HILLS MIDDLE,CARLSBAD UNIFIED
413,144,CALIFORNIA ACADEMY OF SPORTS SCIENCE,DEHESA ELEMENTARY
417,145,CALIFORNIA AVENUE ELEMENTARY,VISTA UNIFIED
421,146,CALIFORNIA PACIFIC CHARTER SCHOOL OF SAN DIEGO,WARNER UNIFIED
429,147,CALIFORNIA VIRTUAL ACADEMY @ SAN DIEGO,SPENCER VALLEY ELEMENTARY
409,148,CALIFORNIA/SP ED,
433,149,CALVIN CHRISTIAN,
437,150,CALVIN CHRISTIAN SCHOOL -ANNEX,
441,151,CAMARENA (ENRIQUE S.) ELEMENTARY,CHULA VISTA ELEMENTARY
445,152,CAMP CUYAMACA,
4837,153,CAMP DENVER C FOX,
449,154,CAMP LOCKETT MIDDLE,MOUNTAIN EMPIRE UNIFIED
453,155,CAMP MARSTON,
4329,156,CAMP OLIVER,
4841,157,CAMP PALOMAR,
457,158,CAMP SURF,
4565,159,CAMPO EDUCATIONAL CENTER,
4569,160,CAMPO EDUCATIONAL CENTER & CHILDCARE,
461,161,CAMPO ELEMENTARY,MOUNTAIN EMPIRE UNIFIED
14,162,CAMPO HEADSTART CENTER,MOUNTIAN EMPIRE UNIFIED
465,163,CAMPO HIGH (CONTINUATION),MOUNTAIN EMPIRE UNIFIED
469,164,CANYON CREST ACADEMY,SAN DIEGUITO UNION HIGH
473,165,CANYON VIEW ELEMENTARY,POWAY UNIFIED
477,166,CAPRI ELEMENTARY,ENCINITAS UNION ELEMENTARY
481,167,CARDIFF ELEMENTARY,CARDIFF ELEMENTARY
5209,168,CARLSBAD ADULT TRANSITION,CARLSBAD UNIFIED
4333,169,CARLSBAD BOYS & GIRLS CLUB,
485,170,CARLSBAD HIGH,CARLSBAD UNIFIED
489,171,CARLSBAD SEASIDE ACADEMY,CARLSBAD UNIFIED
493,172,CARLSBAD VILLAGE ACADEMY,CARLSBAD UNIFIED
497,173,CARLTON HILLS ELEMENTARY,SANTEE
501,174,CARLTON OAKS ELEMENTARY,SANTEE
505,175,CARMEL CREEK ELEMENTARY,SOLANA BEACH ELEMENTARY
509,176,CARMEL DEL MAR ELEMENTARY,DEL MAR UNION ELEMENTARY
513,177,CARMEL VALLEY MIDDLE,SAN DIEGUITO UNION HIGH
517,178,CARRILLO ELEMENTARY,SAN MARCOS UNIFIED
521,179,CARSON ELEMENTARY,SAN DIEGO UNIFIED
525,180,CARVER ELEMENTARY,SAN DIEGO UNIFIED
5065,181,CASA DE FAMILIA,
529,182,CASA DE ORO ELEMENTARY,LA MESA-SPRING VALLEY
4573,183,CASA DE ORO LIBRARY,
5069,184,CASA DE SALUD,
4393,185,CASA DE SALUD YOUTH CENTER,
533,186,CASILLAS (JOSEPH) ELEMENTARY,CHULA VISTA ELEMENTARY
537,187,CASITA CENTER FOR SCIENCE/MATH/TECHNOLOGY,VISTA UNIFIED
541,188,CASTLE PARK ELEMENTARY,CHULA VISTA ELEMENTARY
545,189,CASTLE PARK MIDDLE,SWEETWATER UNION HIGH
549,190,CASTLE PARK SENIOR HIGH,SWEETWATER UNION HIGH
553,191,CENTER FOR POSITIVE CHANGES,
557,192,CENTER FOR POSITIVE CHANGES 5,
561,193,CENTER FOR POSITIVE CHANGES II,
565,194,CENTER FOR POSITIVE CHANGES III-ANNEX,
4577,195,CENTRAL BRANCH LIBRARY,
569,196,CENTRAL ELEMENTARY,SOUTH BAY UNION
573,197,CENTRAL ELEMENTARY,NATIONAL ELEMENTARY
577,198,CENTRAL ELEMENTARY,SAN DIEGO UNIFIED
581,199,CENTRAL ELEMENTARY,ESCONDIDO UNION
4893,200,CENTRAL LIBRARY,
585,201,CENTRAL PRESCHOOL,
5073,202,CESAR CHAVEZ COMMUNITY CENTER,
589,203,CESAR CHAVEZ MIDDLE,OCEANSIDE UNIFIED
593,204,CHALLENGER MIDDLE,SAN DIEGO UNIFIED
597,205,CHAPARRAL ELEMENTARY,POWAY UNIFIED
601,206,CHAPARRAL HIGH,GROSSMONT UNION HIGH
605,207,CHARTER SCHOOL OF SAN DIEGO,SAN DIEGO UNIFIED
609,208,CHASE AVENUE ELEMENTARY,CAJON VALLEY UNION
613,209,CHAVEZ ELEMENTARY,SAN DIEGO UNIFIED
617,210,CHEROKEE POINT ELEMENTARY,SAN DIEGO UNIFIED
4897,211,CHESTERTON CYP,
621,212,CHESTERTON ELEMENTARY,SAN DIEGO UNIFIED
625,213,CHET F. HARRITT ELEMENTARY,SANTEE
629,214,CHILDREN'S WORKSHOP,
4769,215,CHINA LAKE YOUTH CENTER,
633,216,CHOICE COMMUNITY SCHOOL,
4901,217,CHOLLAS LAKE PARK & RECREATION CENTER,
4905,218,CHOLLAS MEAD ELEMENTARY-PRIMETIME,
4581,219,CHOLLAS VIEW UNITED METHODIST CHURCH,
637,220,CHOLLAS/MEAD ELEMENTARY,SAN DIEGO UNIFIED
641,221,CHRISTA MCAULIFFE ELEMENTARY,OCEANSIDE UNIFIED
4753,222,CHRISTIAN CHURCH PRESCHOOL OF LEMON GROVE,
5213,223,CHULA VISTA ADULT,SWEETWATER UNION HIGH
645,224,CHULA VISTA COMMUNITY,
649,225,CHULA VISTA HILLS ELEMENTARY,CHULA VISTA ELEMENTARY
653,226,CHULA VISTA LEARNING COMMUNITY CHARTER,CHULA VISTA ELEMENTARY
657,227,CHULA VISTA MIDDLE,SWEETWATER UNION HIGH
4585,228,CHULA VISTA PRESBYTERIAN PRESCHOOL,
661,229,CHULA VISTA SENIOR HIGH,SWEETWATER UNION HIGH
5157,230,CHULA VISTA SITE,
2,231,CIRCLE OF FRIENDS,
669,232,CIRCLE OF FRIENDS II,
4589,233,CITRONICA ONE APARTMENTS,
4593,234,CITY HEIGHTS BRANCH LIBRARY,
4597,235,CITY HEIGHTS COMMUNITY DEVELOPMENT CORP.,
673,236,CITY HEIGHTS PREPARATORY CHARTER,SAN DIEGO UNIFIED
4909,237,CITY HEIGHTS REC CENTER,
4341,238,CITY OF CHULA VISTA CIVIC CENTER LIBRARY,
4345,239,CITY OF CHULA VISTA SOUTH CV LIBRARY,
4805,240,CITY OF OCEANSIDE LIBRARY,
677,241,CLAIR W. BURGENER ACADEMY,
4269,242,CLAIREMONT BRANCH,
681,243,CLAIREMONT HIGH,SAN DIEGO UNIFIED
685,244,CLARK MIDDLE,SAN DIEGO UNIFIED
689,245,CLASSICAL ACADEMY,ESCONDIDO UNION
693,246,CLASSICAL ACADEMY HIGH,ESCONDIDO UNION HIGH
697,247,CLASSICAL ACADEMY VISTA,SAN DIEGO COUNTY OFFICE OF EDUCATION
701,248,CLAY ELEMENTARY,SAN DIEGO UNIFIED
705,249,CLEAR VIEW,CHULA VISTA ELEMENTARY
709,250,CLOVER FLAT ELEMENTARY,MOUNTAIN EMPIRE UNIFIED
713,251,COASTAL ACADEMY,OCEANSIDE UNIFIED
717,252,COASTAL ACADEMY CHARTER,OCEANSIDE UNIFIED
721,253,COL. SALOMON CDC,
725,254,COLEMAN TECH CHARTER HIGH,SAN DIEGO UNIFIED
4913,255,COLINA DEL SOL PARK & REC,
729,256,COLLEGE PREPARATORY MIDDLE,MOUNTAIN EMPIRE UNIFIED
733,257,COLLEGE PREPARATORY MIDDLE - EAST COUNTY,MOUNTAIN EMPIRE UNIFIED
737,258,COLLEGE PREPARATORY MIDDLE - LA MESA SPRING VALLEY,SBE - COLLEGE PREPARATORY MIDDLE - LA MESA SPRING VALLEY
4601,259,COLLEGE-ROLANDO BRANCH LIBRARY,
4605,260,COMMUNITY CONGREGATIONAL PRESCHOOL,
741,261,COMMUNITY DAY SCHOOL,
745,262,COMMUNITY MONTESSORI,SAN DIEGO COUNTY OFFICE OF EDUCATION
749,263,COMMUNITY MONTESSORI CHARTER,DEHESA ELEMENTARY
753,264,COMMUNITY YOUTH ATHLETICS CENTER,
757,265,COMPASS CHARTER SCHOOLS OF SAN DIEGO,MOUNTAIN EMPIRE UNIFIED
4273,266,CONRAD PREBYS ESCONDIDO,
761,267,CONWAY ELEMENTARY,ESCONDIDO UNION
765,268,CONWAY PRESCHOOL,ESCONDIDO UNION
769,269,COOK (HAZEL GOES) ELEMENTARY,CHULA VISTA ELEMENTARY
,270,COOK EDUCATION CENTER,
4917,271,COPLEY YMCA,
773,272,CORONADO HIGH,CORONADO UNIFIED
777,273,CORONADO MIDDLE,CORONADO UNIFIED
781,274,CORONADO PATHWAYS CHARTER,CORONADO UNIFIED
4609,275,CORONADO TERRACE APARTMENTS,
5217,276,CORONADO UNIFIED SPECIAL EDUCATION PRE-K,CORONADO UNIFIED
785,277,CORONADO VILLAGE ELEMENTARY,CORONADO UNIFIED
789,278,CORREIA MIDDLE,SAN DIEGO UNIFIED
793,279,COTTONWOOD COMMUNITY DAY,MOUNTAIN EMPIRE UNIFIED
797,280,COUNTY COLLABORATIVE CHARTER,MOUNTAIN EMPIRE UNIFIED
801,281,CRAWFORD HIGH,SAN DIEGO UNIFIED
805,282,CREATIVE PERFORMING AND MEDIA ARTS,SAN DIEGO UNIFIED
809,283,CREEKSIDE EARLY LEARNING CENTER,ALPINE UNION ELEMENTARY
813,284,CREEKSIDE ELEMENTARY,POWAY UNIFIED
817,285,CREST ELEMENTARY,CAJON VALLEY UNION
4809,286,CROWN HEIGHTS RESOURCE CENTER,
821,287,CROWN POINT ELEMENTARY,SAN DIEGO UNIFIED
825,288,CTEC INDEPENDENT STUDY,
829,289,CUBBERLEY ELEMENTARY,SAN DIEGO UNIFIED
833,290,CURIE ELEMENTARY,SAN DIEGO UNIFIED
837,291,CUYAMACHA PREP COMMUNITY SCHOOL,
841,292,DAILARD ELEMENTARY,SAN DIEGO UNIFIED
845,293,DANA,SAN DIEGO UNIFIED
849,294,DARNALL CHARTER,SAN DIEGO UNIFIED
853,295,DAVILA DAY,SAN DIEGO COUNTY OFFICE OF EDUCATION
857,296,DE PORTOLA MIDDLE,SAN DIEGO UNIFIED
861,297,DEER CANYON ELEMENTARY,POWAY UNIFIED
865,298,DEHESA CHARTER,DEHESA ELEMENTARY
869,299,DEHESA ELEMENTARY,DEHESA ELEMENTARY
873,300,DEL DIOS ACADEMY OF ARTS AND SCIENCES,ESCONDIDO UNION
4277,301,DEL DIOS X-TRACK,
877,302,DEL LAGO ACADEMY - CAMPUS OF APPLIED SCIENCE,ESCONDIDO UNION HIGH
881,303,DEL MAR HEIGHTS ELEMENTARY,DEL MAR UNION ELEMENTARY
885,304,DEL MAR HILLS ELEMENTARY,DEL MAR UNION ELEMENTARY
889,305,DEL NORTE HIGH,POWAY UNIFIED
893,306,DEL RIO ELEMENTARY,OCEANSIDE UNIFIED
897,307,DEL SUR ELEMENTARY,POWAY UNIFIED
901,308,DESCANSO ELEMENTARY,MOUNTAIN EMPIRE UNIFIED
905,309,DESIGN 39 CAMPUS,POWAY UNIFIED
909,310,DEWEY CDC,SAN DIEGO UNIFIED
913,311,DEWEY ELEMENTARY,SAN DIEGO UNIFIED
917,312,DIEGO HILLS CENTRAL PUBLIC CHARTER,DEHESA ELEMENTARY
921,313,DIEGO HILLS CHARTER,DEHESA ELEMENTARY
925,314,DIEGO SPRINGS ACADEMY,BORREGO SPRINGS UNIFIED
929,315,DIEGO VALLEY CHARTER,JULIAN UNION ELEMENTARY
933,316,DIEGO VALLEY EAST PUBLIC CHARTER,JULIAN UNION ELEMENTARY
937,317,DIEGUENO MIDDLE,SAN DIEGUITO UNION HIGH
941,318,DIMENSIONS COLLABORATIVE,SAN DIEGO COUNTY OFFICE OF EDUCATION
945,319,DINGEMAN ELEMENTARY,SAN DIEGO UNIFIED
949,320,DISCOVERY CHARTER,CHULA VISTA ELEMENTARY
953,321,DISCOVERY ELEMENTARY,SAN MARCOS UNIFIED
957,322,DISTRICT OFFICE,POWAY UNIFIED
961,323,DISTRICT OFFICE,SWEETWATER UNION HIGH
965,324,DISTRICT OFFICE,LEMON GROVE
969,325,DISTRICT OFFICE,LA MESA-SPRING VALLEY
973,326,DISTRICT OFFICE,DEHESA ELEMENTARY
977,327,DITMAR ELEMENTARY,OCEANSIDE UNIFIED
981,328,DOUBLE PEAK,SAN MARCOS UNIFIED
985,329,DOYLE ELEMENTARY,SAN DIEGO UNIFIED
989,330,E. G. GARRISON ELEMENTARY,OCEANSIDE UNIFIED
993,331,E3 CIVIC HIGH,SAN DIEGO UNIFIED
997,332,EARL WARREN MIDDLE,SAN DIEGUITO UNION HIGH
4613,333,EAST COUNTY COMMUNITY CENTER SPRING VALLEY,
1001,334,EAST COUNTY COMMUNITY SCHOOL,
1013,335,EAST HILLS ACADEMY,SWEETWATER UNION HIGH
1009,336,EAST MESA JUVENILE DETENTION FACILITY,
1017,337,EAST VILLAGE HIGH,SAN DIEGO UNIFIED
1021,338,EASTLAKE ELEMENTARY,CHULA VISTA ELEMENTARY
1025,339,EASTLAKE HIGH,SWEETWATER UNION HIGH
1029,340,EASTLAKE MIDDLE,SWEETWATER UNION HIGH
1033,341,ECDC/CROWN PRESCHOOL,CORONADO UNIFIED
1037,342,EDISON ELEMENTARY,SAN DIEGO UNIFIED
1045,343,EJE ELEMENTARY ACADEMY CHARTER,CAJON VALLEY UNION
,344,EJE ELEMENTARY ACADEMY-ANNEX,CAJON VALLEY UNION
1049,345,EJE MIDDLE ACADEMY,CAJON VALLEY UNION
5221,346,EL CAJON ADULT CENTER,GROSSMONT UNION HIGH
4317,347,EL CAJON PUBLIC LIBRARY,
1053,348,EL CAJON VALLEY HIGH,GROSSMONT UNION HIGH
1057,349,EL CAMINO CREEK ELEMENTARY,ENCINITAS UNION ELEMENTARY
1061,350,EL CAMINO HIGH,OCEANSIDE UNIFIED
1065,351,EL CAPITAN HIGH,GROSSMONT UNION HIGH
4773,352,EL CENTRO NAF,
1069,353,EL TOYON ELEMENTARY,NATIONAL ELEMENTARY
1073,354,ELEVATE ELEMENTARY,SAN DIEGO UNIFIED
1077,355,ELITE ACADEMIC ACADEMY - MOUNTAIN EMPIRE,MOUNTAIN EMPIRE UNIFIED
1081,356,ELITE ACADEMY,GROSSMONT UNION HIGH
1085,357,EMERALD MIDDLE,CAJON VALLEY UNION
1089,358,EMERSON/BANDINI ELEMENTARY,SAN DIEGO UNIFIED
1093,359,EMORY ELEMENTARY,SOUTH BAY UNION
1097,360,EMPOWER,CAJON VALLEY UNION
15,361,EMPOWER ACADEMY/CDS,
1101,362,EMPOWER CHARTER,SAN DIEGO UNIFIED
1105,363,EMPRESA ELEMENTARY,VISTA UNIFIED
4281,364,ENCANTO BRANCH,
1109,365,ENCANTO ELEMENTARY,SAN DIEGO UNIFIED
4921,366,ENCANTO REC CENTER,
1113,367,ENDEAVOUR ACADEMY,ALPINE UNION ELEMENTARY
1117,368,ENRIQUE S. CAMARENA,CHULA VISTA ELEMENTARY
1121,369,EPIPHANY PREP CHARTER,ESCONDIDO UNION
1125,370,EPIPHANY PREP CHARTER,SAN DIEGO UNIFIED
1129,371,ERICSON ELEMENTARY,SAN DIEGO UNIFIED
5225,372,ESCONDIDO ADULT,ESCONDIDO UNION HIGH
1137,373,ESCONDIDO CHARTER HIGH,ESCONDIDO UNION HIGH
1133,374,ESCONDIDO COMMUNITY BLENDED,
1141,375,ESCONDIDO COMMUNITY DAY,ESCONDIDO UNION HIGH
1145,376,ESCONDIDO HIGH,ESCONDIDO UNION HIGH
1149,377,EUCALYPTUS HILLS ELEMENTARY,LAKESIDE UNION ELEMENTARY
4,378,EUCLID CDC,
1157,379,EUCLID ELEMENTARY,SAN DIEGO UNIFIED
1161,380,EVANGELINE ROBERTS INSTITUTE OF LEARNING,SAN DIEGO UNIFIED
,381,EVANGELINE ROBERTS INSTITUTE OF LEARNING-ANNEX,SAN DIEGO UNIFIED
1165,382,EXCELSIOR ACADEMY,SAN DIEGO UNIFIED
1173,383,FALLBROOK HIGH,FALLBROOK UNION HIGH
1177,384,FALLBROOK HOMESCHOOL ACADEMY,FALLBROOK UNION ELEMENTARY
1181,385,FALLBROOK STEM ACADEMY,FALLBROOK UNION ELEMENTARY
1185,386,FALLBROOK STREET ELEMENTARY,FALLBROOK UNION ELEMENTARY
1189,387,FARB MIDDLE,SAN DIEGO UNIFIED
1193,388,FARR AVENUE ELEMENTARY,ESCONDIDO UNION
1197,389,FAY ELEMENTARY,SAN DIEGO UNIFIED
1201,390,FEASTER (MAE L.) CHARTER,CHULA VISTA ELEMENTARY
1205,391,FELICITA ELEMENTARY,ESCONDIDO UNION
1209,392,FELICITA PRESCHOOL,ESCONDIDO UNION
1213,393,FIELD ELEMENTARY,SAN DIEGO UNIFIED
1217,394,FINNEY (MYRTLE S.) ELEMENTARY,CHULA VISTA ELEMENTARY
4813,395,FIRESIDE PARK,
1221,396,FIRST AVENUE LITERACY COMMUNITY SCHOOL,
4757,397,FIRST BAPTIST CHURCH OF LEMON GROVE,
1225,398,FIRST STEP TREATMENT HOME,
1229,399,FLETCHER CDC,
1233,400,FLETCHER ELEMENTARY,SAN DIEGO UNIFIED
1237,401,FLETCHER HILLS ELEMENTARY,LA MESA-SPRING VALLEY
1241,402,FLORA VISTA ELEMENTARY,ENCINITAS UNION ELEMENTARY
1245,403,FLORENCE ELEMENTARY,SAN DIEGO UNIFIED
1249,404,FLYING HILLS ELEMENTARY,CAJON VALLEY UNION
1253,405,FOOTHILL OAK ELEMENTARY,VISTA UNIFIED
5229,406,FOOTHILLS ADULT EDUCATION CENTER,GROSSMONT UNION HIGH
1257,407,FOOTHILLS HIGH,SAN MARCOS UNIFIED
1261,408,FOSTER ELEMENTARY,SAN DIEGO UNIFIED
1265,409,FRANKLIN ELEMENTARY,SAN DIEGO UNIFIED
1269,410,FREESE ELEMENTARY,SAN DIEGO UNIFIED
1273,411,FUERTE ELEMENTARY,CAJON VALLEY UNION
1277,412,FULTON K-8,SAN DIEGO UNIFIED
1281,413,FUTURE BOUND INDEPENDENT STUDY SECONDARY,RAMONA CITY UNIFIED
1285,414,GAGE ELEMENTARY,SAN DIEGO UNIFIED
1289,415,GARDEN ROAD ELEMENTARY,POWAY UNIFIED
1293,416,GARFIELD CDC,
1297,417,GARFIELD ELEMENTARY,SAN DIEGO UNIFIED
1301,418,GARFIELD HIGH,SAN DIEGO UNIFIED
4925,419,GATEWAY CYP,
1305,420,GEORGE NICOLOFF ELEMENTARY,SOUTH BAY UNION
1309,421,GIRLS REHABILITATION,
1313,422,GLEN VIEW ELEMENTARY,ESCONDIDO UNION
1317,423,GLEN VIEW PRESCHOOL,ESCONDIDO UNION
1321,424,GODFREY G. BERRY ELEMENTARY,SOUTH BAY UNION
1325,425,GOLDEN HILL K-8,SAN DIEGO UNIFIED
4929,426,GOLDEN HILL RECREATION CENTER,
1329,427,GOMPERS PREPARATORY ACADEMY,SAN DIEGO UNIFIED
1333,428,GOOD SHEPHERD CATHOLIC SCHOOL,
4617,429,GRACIA Y PAZ,
1337,430,GRANGER JUNIOR HIGH,SWEETWATER UNION HIGH
1341,431,GRANITE HILLS HIGH,GROSSMONT UNION HIGH
1345,432,GRANT K-8,SAN DIEGO UNIFIED
1349,433,GRAPEVINE ELEMENTARY,VISTA UNIFIED
1353,434,GRAVES SUMMIT SCHOOL,
1357,435,GREATER SAN DIEGO ACADEMY,JAMUL-DULZURA UNION ELEMENTARY
1361,436,GREEN ELEMENTARY,SAN DIEGO UNIFIED
1365,437,GREENFIELD MIDDLE,CAJON VALLEY UNION
1369,438,GREENTREE-ANNEX,
5233,439,GROSSMONT ADULT,GROSSMONT UNION HIGH
1373,440,GROSSMONT HIGH,GROSSMONT UNION HIGH
1377,441,GROSSMONT MIDDLE COLLEGE HIGH,GROSSMONT UNION HIGH
1381,442,GROSSMONT SECONDARY,SBE - GROSSMONT SECONDARY
5237,443,GROSSMONT UNION HIGH SPECIAL EDUCATION PROGRAM,GROSSMONT UNION HIGH
4353,444,GROVE PARK,
1385,445,GUAJOME LEARNING CENTER,VISTA UNIFIED
1389,446,GUAJOME PARK ACADEMY CHARTER,VISTA UNIFIED
1393,447,HAGE ELEMENTARY,SAN DIEGO UNIFIED
1397,448,HALECREST ELEMENTARY,CHULA VISTA ELEMENTARY
5181,449,HALECREST YMCA,
1401,450,HAMILTON ELEMENTARY,SAN DIEGO UNIFIED
1405,451,HANCOCK ELEMENTARY,SAN DIEGO UNIFIED
1409,452,HANNALEI ELEMENTARY,VISTA UNIFIED
1413,453,HANSON ELEMENTARY,RAMONA CITY UNIFIED
1417,454,HARBOR SPRINGS CHARTER,JULIAN UNION ELEMENTARY
1421,455,HARBORSIDE ELEMENTARY,CHULA VISTA ELEMENTARY
1425,456,HARDY ELEMENTARY,SAN DIEGO UNIFIED
1429,457,HARRIET TUBMAN VILLAGE CHARTER,SAN DIEGO UNIFIED
1433,458,HAWKING S.T.E.A.M. CHARTER,SWEETWATER UNION HIGH
5241,459,HAWKING S.T.E.A.M. CHARTER SCHOOL 2,SWEETWATER UNION HIGH
1441,460,HAWTHORNE CDC,SAN DIEGO UNIFIED
1445,461,HAWTHORNE ELEMENTARY,SAN DIEGO UNIFIED
1449,462,HEALTH SCIENCES HIGH,SAN DIEGO UNIFIED
1453,463,HEALTH SCIENCES MIDDLE,SAN DIEGO UNIFIED
1457,464,HEARST ELEMENTARY,SAN DIEGO UNIFIED
1461,465,HEDENKAMP (ANNE AND WILLIAM) ELEMENTARY,CHULA VISTA ELEMENTARY
1465,466,HELIX HIGH,GROSSMONT UNION HIGH
1469,467,HENRY HIGH,SAN DIEGO UNIFIED
1473,468,HERITAGE DIGITAL ACADEMY CHARTER MIDDLE,ESCONDIDO UNION
1477,469,HERITAGE ELEMENTARY,CHULA VISTA ELEMENTARY
1481,470,HERITAGE K-8 CHARTER,ESCONDIDO UNION
1485,471,HICKMAN ELEMENTARY,SAN DIEGO UNIFIED
1489,472,HIDDEN VALLEY MIDDLE,ESCONDIDO UNION
1493,473,HIGH TECH ELEMENTARY,SAN DIEGO UNIFIED
1497,474,HIGH TECH ELEMENTARY CHULA VISTA,SBC - HIGH TECH HIGH
1501,475,HIGH TECH ELEMENTARY EXPLORER,SAN DIEGO UNIFIED
5245,476,HIGH TECH ELEMENTARY MESA,SBC - HIGH TECH HIGH
1505,477,HIGH TECH ELEMENTARY NORTH COUNTY,SBC - HIGH TECH HIGH
1509,478,HIGH TECH HIGH,SAN DIEGO UNIFIED
,479,HIGH TECH HIGH -ANNEX,
16,480,HIGH TECH HIGH CHULA VISTA,SBC - HIGH TECH HIGH
18,481,HIGH TECH HIGH EXPLORER,SBC - HIGH TECH HIGH
1513,482,HIGH TECH HIGH INTERNATIONAL,SAN DIEGO UNIFIED
1517,483,HIGH TECH HIGH MEDIA ARTS,SAN DIEGO UNIFIED
1521,484,HIGH TECH HIGH MESA,SBC - HIGH TECH HIGH
1525,485,HIGH TECH HIGH NORTH COUNTY,SBC - HIGH TECH HIGH
,486,HIGH TECH HIGH NORTH COUNTY-ANNEX,
,487,HIGH TECH HIGH SCHOOL-CHULA VISTA,
1529,488,HIGH TECH MIDDLE,SAN DIEGO UNIFIED
1533,489,HIGH TECH MIDDLE CHULA VISTA,SBC - HIGH TECH HIGH
1537,490,HIGH TECH MIDDLE MEDIA ARTS,SAN DIEGO UNIFIED
5253,491,HIGH TECH MIDDLE MESA,SBC - HIGH TECH HIGH
1541,492,HIGH TECH MIDDLE NORTH COUNTY,SBC - HIGH TECH HIGH
1545,493,HIGHLAND RANCH ELEMENTARY,POWAY UNIFIED
1549,494,HIGHLANDS ELEMENTARY,LA MESA-SPRING VALLEY
1553,495,HILL CREEK ELEMENTARY,SANTEE
1557,496,HILLSDALE MIDDLE,CAJON VALLEY UNION
1561,497,HILLSIDE JUNIOR/SENIOR HIGH,MOUNTAIN EMPIRE UNIFIED
1565,498,HILLTOP DRIVE ELEMENTARY,CHULA VISTA ELEMENTARY
1569,499,HILLTOP MIDDLE,SWEETWATER UNION HIGH
1573,500,HILLTOP SENIOR HIGH,SWEETWATER UNION HIGH
4509,501,HILTON HEAD COUNTY PARK,
1577,502,HOLLY DRIVE LEADERSHIP ACADEMY,SAN DIEGO UNIFIED
4621,503,HOLLYWOOD PALMS APARTMENTS,
1581,504,HOLMES ELEMENTARY,SAN DIEGO UNIFIED
1585,505,HOLY TRINITY ELEMENTARY,
1589,506,HOME & HOSP/TRANSITION SUPPORT,SAN DIEGO UNIFIED
1593,507,HOOVER HIGH,SAN DIEGO UNIFIED
1597,508,HOPE ELEMENTARY,CARLSBAD UNIFIED
5257,509,HOPE INFANT-TODDLER SPECIAL EDUCATION,SAN DIEGO COUNTY OFFICE OF EDUCATION
1601,510,HORTON ELEMENTARY,SAN DIEGO UNIFIED
1605,511,HORTON PLAZA-ANNEX,
1609,512,HOWARD GARDNER COMMUNITY CHARTER,CHULA VISTA ELEMENTARY
1613,513,HOWARD PENCE ELEMENTARY,SOUTH BAY UNION
4625,514,HUDO COMMUNITY CENTER,
1617,515,IBARRA ELEMENTARY,SAN DIEGO UNIFIED
1621,516,IDEA CENTER,GROSSMONT UNION HIGH
1625,517,IFTIN CHARTER,SAN DIEGO UNIFIED
1629,518,IFTIN UNIVERSITY PREP HIGH,
4357,519,IGLESIA LATINA EMANUEL,
1633,520,IHIGH VIRTUAL ACADEMY,SAN DIEGO UNIFIED
4401,521,IIPAY NATION OF SANTA YSABEL,
5161,522,IMPERIAL BEACH,
1637,523,IMPERIAL BEACH CHARTER,SOUTH BAY UNION
1645,524,INDIAN HILLS CAMP,
1641,525,INGENUITY CHARTER,SAN DIEGO UNIFIED
1649,526,INNOVATION MIDDLE,SAN DIEGO UNIFIED
1653,527,INNOVATIONS ACADEMY,SAN DIEGO UNIFIED
1657,528,INSIGHT @ SAN DIEGO,SPENCER VALLEY ELEMENTARY
1661,529,INSPIRE CHARTER SCHOOL - SOUTH,DEHESA ELEMENTARY
1665,530,INTEGRITY CHARTER,NATIONAL ELEMENTARY
1669,531,INTEGRITY CHARTER SCHOOL-B&G CLUB,
5265,532,"INTERNATIONAL HIGH SCHOOL OF SCIENCE, TECHNOLOGY, ENGINEERING, ARTS AND MATHEMATICS",SAN DIEGO UNIFIED
1673,533,IOWA STREET,FALLBROOK UNION ELEMENTARY
4629,534,IQRA LEARNING CENTER,
1677,535,IRA HARBISON,NATIONAL ELEMENTARY
1681,536,IVEY RANCH ELEMENTARY,OCEANSIDE UNIFIED
1685,537,IVY HIGH (CONTINUATION),FALLBROOK UNION HIGH
1689,538,JACK & CAROL CLARK ADOLESCENT TREATMENT PROGRAM,
4933,539,JACKIE ROBINSON YMCA,
4405,540,JACUMBA BRANCH LIBRARY,
1693,541,JACUMBA MIDDLE,MOUNTAIN EMPIRE UNIFIED
1697,542,JAMACHA ELEMENTARY,CAJON VALLEY UNION
1701,543,JAMES DUKES ELEMENTARY,RAMONA CITY UNIFIED
1705,544,JAMES E. POTTER INTERMEDIATE,FALLBROOK UNION ELEMENTARY
1709,545,JAMUL INTERMEDIATE,JAMUL-DULZURA UNION ELEMENTARY
1713,546,JAMUL PRIMARY,JAMUL-DULZURA UNION ELEMENTARY
1717,547,JCS - CEDAR COVE,JULIAN UNION ELEMENTARY
5269,548,JCS - MANZANITA,SAN DIEGO COUNTY OFFICE OF EDUCATION
1721,549,JCS - MOUNTAIN OAKS,JULIAN UNION ELEMENTARY
1725,550,JCS - PINE VALLEY,MOUNTAIN EMPIRE UNIFIED
1729,551,JEFFERSON ELEMENTARY,CARLSBAD UNIFIED
1733,552,JEFFERSON ELEMENTARY,SAN DIEGO UNIFIED
1737,553,JEFFERSON MIDDLE,OCEANSIDE UNIFIED
1741,554,JERABEK ELEMENTARY,SAN DIEGO UNIFIED
4321,555,JF KENNEDY PARK,
1745,556,JOAN MACQUEEN MIDDLE,ALPINE UNION ELEMENTARY
1749,557,JOHN A. OTIS ELEMENTARY,NATIONAL ELEMENTARY
1753,558,JOHN MUIR,SAN DIEGO UNIFIED
1757,559,JOHN MUIR LANGUAGE ACADEMY,SAN DIEGO UNIFIED
1761,560,JOHNSON ELEMENTARY,CAJON VALLEY UNION
1765,561,JOHNSON ELEMENTARY,SAN DIEGO UNIFIED
1769,562,JOLI ANN LEICHTAG ELEMENTARY,SAN MARCOS UNIFIED
1773,563,JONAS SALK ELEMENTARY,SAN DIEGO UNIFIED
1777,564,JONES ELEMENTARY,SAN DIEGO UNIFIED
1781,565,JOYNER ELEMENTARY,SAN DIEGO UNIFIED
1785,566,JUAN BAUTISTA DE ANZA,BORREGO SPRINGS UNIFIED
1789,567,JUAN BAUTISTA DE ANZA CHARTER,BORREGO SPRINGS UNIFIED
1793,568,JUAREZ ELEMENTARY,SAN DIEGO UNIFIED
5101,569,JUAREZ LINCOLN,
1797,570,JUAREZ-LINCOLN ELEMENTARY,CHULA VISTA ELEMENTARY
5273,571,JULIAN ADULT,JULIAN UNION HIGH
4409,572,JULIAN BRANCH LIBRARY,
1801,573,JULIAN CHARTER,JULIAN UNION ELEMENTARY
1805,574,JULIAN ELEMENTARY,JULIAN UNION ELEMENTARY
1809,575,JULIAN HIGH,JULIAN UNION HIGH
1813,576,JULIAN JUNIOR HIGH,JULIAN UNION ELEMENTARY
1817,577,JUNIPER ELEMENTARY,ESCONDIDO UNION
1821,578,JUNIPER PRESCHOOL,
1825,579,JUVENILE COURT AND COMMUNITY SCHOOL,
1829,580,JUVENILE HALL,
5137,581,KARATE FITNESS NOW,
4729,582,KAREN ORGANIZATION OF SAN DIEGO,
1833,583,KAVOD CHARTER,SAN DIEGO UNIFIED
1837,584,KAVOD ELEMENTARY CHARTER,SAN DIEGO UNIFIED
1841,585,KEARNY COLLEGE CONNECTIONS,SAN DIEGO UNIFIED
1845,586,KEARNY DIGITAL MEDIA & DESIGN,SAN DIEGO UNIFIED
1849,587,KEARNY ENG INNOV & DESIGN,SAN DIEGO UNIFIED
1853,588,"KEARNY ENG, INNOV & DESIGN",SAN DIEGO UNIFIED
1861,589,KEARNY INTERNATIONAL BUSINESS,SAN DIEGO UNIFIED
1857,590,KEARNY MESA LC- AUDEO-ANNEX,
4937,591,KEARNY MESA PARK & REC,
1865,592,KEARNY SCT,SAN DIEGO UNIFIED
1869,593,KEILLER LEADERSHIP ACADEMY,SAN DIEGO UNIFIED
1873,594,KELLOGG (KARL H.) ELEMENTARY,CHULA VISTA ELEMENTARY
1877,595,KELLY ELEMENTARY,CARLSBAD UNIFIED
1885,596,KEMPTON STREET LITERACY ACADEMY,LA MESA-SPRING VALLEY
1889,597,KENNEDY CDC,
1893,598,KIMBALL,NATIONAL ELEMENTARY
1897,599,KIMBROUGH ELEMENTARY,SAN DIEGO UNIFIED
1901,600,KING-CHAVEZ ACADEMY OF EXCELLENCE,SAN DIEGO UNIFIED
1905,601,KING-CHAVEZ ARTS ACADEMY,SAN DIEGO UNIFIED
1909,602,KING-CHAVEZ ATHLETICS ACADEMY,SAN DIEGO UNIFIED
1913,603,KING-CHAVEZ COMMUNITY HIGH,SAN DIEGO UNIFIED
1917,604,KING-CHAVEZ PREPARATORY ACADEMY,SAN DIEGO UNIFIED
1921,605,KING-CHAVEZ PRIMARY ACADEMY,SAN DIEGO UNIFIED
1925,606,KIPP ADELANTE PREPARATORY ACADEMY,SAN DIEGO UNIFIED
1929,607,KNOB HILL ELEMENTARY,SAN MARCOS UNIFIED
1933,608,KNOX MIDDLE,SAN DIEGO UNIFIED
1937,609,KUMEYAAY ELEMENTARY,SAN DIEGO UNIFIED
1941,610,L. R. GREEN ELEMENTARY,ESCONDIDO UNION
1945,611,LA COSTA CANYON HIGH,SAN DIEGUITO UNION HIGH
1949,612,LA COSTA HEIGHTS ELEMENTARY,ENCINITAS UNION ELEMENTARY
1953,613,LA COSTA MEADOWS ELEMENTARY,SAN MARCOS UNIFIED
4733,614,LA JOLLA BAND OF LUISENO INDIANS,
1957,615,LA JOLLA ELEMENTARY,SAN DIEGO UNIFIED
1961,616,LA JOLLA HIGH,SAN DIEGO UNIFIED
1965,617,LA MESA ARTS ACADEMY,LA MESA-SPRING VALLEY
1969,618,LA MESA COMMUNITY SCHOOL,
1973,619,LA MESA COMMUNITY SCHOOLS 123,
1977,620,LA MESA DALE ELEMENTARY,LA MESA-SPRING VALLEY
1981,621,LA MESA MIDDLE,LA MESA-SPRING VALLEY
1985,622,LA MESA-SPRING VALLEY HOME INDEPENDENT STUDY,LA MESA-SPRING VALLEY
1993,623,LA MIRADA ACADEMY,SAN MARCOS UNIFIED
1997,624,LA MIRADA ELEMENTARY,SAN YSIDRO ELEMENTARY
2001,625,LA PALOMA ELEMENTARY,FALLBROOK UNION ELEMENTARY
2005,626,LA PRESA ELEMENTARY,LA MESA-SPRING VALLEY
2009,627,LA PRESA MIDDLE,LA MESA-SPRING VALLEY
2013,628,LAFAYETTE ELEMENTARY,SAN DIEGO UNIFIED
2017,629,LAKE ELEMENTARY,VISTA UNIFIED
4513,630,LAKESIDE CLUBHOUSE,
5277,631,LAKESIDE EARLY ADVANTAGE PRESCHOOL,LAKESIDE UNION ELEMENTARY
2021,632,LAKESIDE FARMS ELEMENTARY,LAKESIDE UNION ELEMENTARY
2025,633,LAKESIDE MIDDLE,LAKESIDE UNION ELEMENTARY
4417,634,LAKESIDE TEEN CENTER,
2029,635,LAKEVIEW ELEMENTARY,LAKESIDE UNION ELEMENTARY
2033,636,LANGUAGE ACADEMY,SAN DIEGO UNIFIED
2037,637,LAS PALMAS,NATIONAL ELEMENTARY
2041,638,LAUDERBACH (J. CALVIN) ELEMENTARY,CHULA VISTA ELEMENTARY
2045,639,LAUREL ELEMENTARY,OCEANSIDE UNIFIED
2049,640,LAUREL PREPARATORY ACADEMY,SAN DIEGO UNIFIED
2053,641,LEARNING CHOICE ACADEMY,SAN DIEGO UNIFIED
2057,642,LEARNING CHOICE ACADEMY - CHULA VISTA,CHULA VISTA ELEMENTARY
2061,643,LEARNING LATITUDES CHARTER,DEHESA ELEMENTARY
2065,644,LEE ELEMENTARY,SAN DIEGO UNIFIED
2069,645,LEMON AVENUE ELEMENTARY,LA MESA-SPRING VALLEY
2073,646,LEMON CREST ELEMENTARY,LAKESIDE UNION ELEMENTARY
2077,647,LEMON GROVE ACADEMY FOR THE SCIENCES AND HUMANITIES,LEMON GROVE
30,648,LEMON GROVE LIBRARY-SAN DIEGO COUNTY LIBRARY,
4761,649,LEMON GROVE PARK,
4517,650,LEMON GROVE REC CENTER,
2081,651,LEONARDO DA VINCI HEALTH SCIENCES CHARTER,CHULA VISTA ELEMENTARY
2085,652,LEONARDO DA VINCI SCIENCES CHARTER SCHOOL,
2089,653,LEWIS MIDDLE,SAN DIEGO UNIFIED
2093,654,LEXINGTON ELEMENTARY,CAJON VALLEY UNION
2097,655,LIBBY ELEMENTARY,OCEANSIDE UNIFIED
4817,656,LIBBY LAKE PARK,
4821,657,LIBBY LAKE RESOURCE COMMUNITY CENTER,
2101,658,LIBERTY CHARTER HIGH SCHOOL,
2105,659,LIBERTY ELEMENTARY,CHULA VISTA ELEMENTARY
2109,660,LIBERTY HIGH CHARTER SCHOOL-ANNEX,
2113,661,LILAC,VALLEY CENTER-PAUMA UNIFIED
2117,662,LINCOLN ACRES,NATIONAL ELEMENTARY
4421,663,LINCOLN ACRES BRANCH LIBRARY,
2121,664,LINCOLN ELEMENTARY,ESCONDIDO UNION
2125,665,LINCOLN HIGH,SAN DIEGO UNIFIED
2129,666,LINCOLN MIDDLE,OCEANSIDE UNIFIED
2133,667,LINCOLN PRESCHOOL,
4637,668,LINDA VISTA BRANCH LIBRARY,
2137,669,LINDA VISTA ELEMENTARY,SAN DIEGO UNIFIED
4941,670,LINDA VISTA REC CENTER,
2141,671,LINDBERGH/SCHWEITZER ELEMENTARY,SAN DIEGO UNIFIED
2145,672,LINDO PARK ELEMENTARY,LAKESIDE UNION ELEMENTARY
2149,673,LINDSAY COMMUNITY,
2153,674,LITERACY FIRST CHARTER,SAN DIEGO COUNTY OFFICE OF EDUCATION
2157,675,LITERACY FIRST CHARTER SCHOOL - JA - ANNEX,
2161,676,LITERACY FIRST CHARTER SCHOOL - LA - ANNEX,
2165,677,LITERACY FIRST CHARTER SCHOOL - PA -ANNEX,
2169,678,LITT RESOURSES BLENDED,
2173,679,LIVE OAK ELEMENTARY,FALLBROOK UNION ELEMENTARY
2177,680,LOGAN CDC,
4641,681,LOGAN HEIGHTS BRANCH LIBRARY,
4945,682,LOGAN HEIGHTS CDC,
4949,683,LOGAN HEIGHTS PUBLIC LIBRARY,
2181,684,LOGAN K-8,SAN DIEGO UNIFIED
2185,685,LOMA ELEMENTARY,LA MESA-SPRING VALLEY
2189,686,LOMA PORTAL CHARTER SCHOOL-ANNEX,
2193,687,LOMA PORTAL ELEMENTARY,SAN DIEGO UNIFIED
2197,688,LOMA VERDE ELEMENTARY,CHULA VISTA ELEMENTARY
2201,689,LONGFELLOW K-8,SAN DIEGO UNIFIED
2205,690,LOS ALTOS CDC,
2209,691,LOS ALTOS ELEMENTARY,CHULA VISTA ELEMENTARY
2213,692,LOS COCHES CREEK MIDDLE,CAJON VALLEY UNION
2217,693,LOS PENASQUITOS ELEMENTARY,POWAY UNIFIED
2221,694,LOUISE FOUSSAT ELEMENTARY,OCEANSIDE UNIFIED
5141,695,LUZ DURAN PARK,
2225,696,MAAC COMMUNITY CHARTER,SWEETWATER UNION HIGH
2229,697,MADISON AVENUE ELEMENTARY,CAJON VALLEY UNION
2233,698,MADISON HIGH,SAN DIEGO UNIFIED
2237,699,MADISON MIDDLE,VISTA UNIFIED
2241,700,MAGNOLIA ELEMENTARY,CAJON VALLEY UNION
2245,701,MAGNOLIA ELEMENTARY,CARLSBAD UNIFIED
2249,702,MAGNOLIA SCIENCE ACADEMY SAN DIEGO,SAN DIEGO UNIFIED
2253,703,MAIE ELLIS ELEMENTARY,FALLBROOK UNION ELEMENTARY
2257,704,MAIN STREET UMOJA BLENDED COMM SCHOOL,
2261,705,MAJOR GENERAL RAYMOND MURRAY HIGH,VISTA UNIFIED
4953,706,MALCOLM X BRANCH LIBRARY,
2265,707,MANN MIDDLE,SAN DIEGO UNIFIED
4645,708,MAPLEWOOD APARTMENTS,
2269,709,MAR VISTA ACADEMY,SWEETWATER UNION HIGH
2273,710,MAR VISTA ACADEMY FOR PROBLEM BASED LEARNING,SWEETWATER UNION HIGH
2277,711,MAR VISTA SENIOR HIGH,SWEETWATER UNION HIGH
2281,712,MARCY ST ANNEX,
2285,713,MARSHALL (THURGOOD) ELEMENTARY,CHULA VISTA ELEMENTARY
2289,714,MARSHALL ELEMENTARY,SAN DIEGO UNIFIED
2293,715,MARSHALL MIDDLE,SAN DIEGO UNIFIED
2297,716,MARSTON MIDDLE,SAN DIEGO UNIFIED
4957,717,MARTIN LUTHER KING JR REC CENTER,
2301,718,MARTIN LUTHER KING JR. MIDDLE,OCEANSIDE UNIFIED
2305,719,MARVIN ELEMENTARY,SAN DIEGO UNIFIED
2309,720,MARY FAY PENDLETON ELEMENTARY,FALLBROOK UNION ELEMENTARY
2313,721,MARYLAND AVENUE ELEMENTARY,LA MESA-SPRING VALLEY
2317,722,MARYLAND ELEMENTARY,VISTA UNIFIED
2321,723,MASON ELEMENTARY,SAN DIEGO UNIFIED
2325,724,MATAGUAY SCOUT RESV,
2329,725,MCGILL SCHOOL OF SUCCESS,SAN DIEGO UNIFIED
2333,726,MCKINLEY ELEMENTARY,SAN DIEGO UNIFIED
2337,727,MCMILLIN (CORKY) ELEMENTARY,CHULA VISTA ELEMENTARY
2341,728,MEADOWBROOK MIDDLE,POWAY UNIFIED
4825,729,MELBA BISHOP RECREATION CENTER,
4649,730,MEMORIAL RECREATION CENTER,
2345,731,MEMORIAL SCHOLARS & ATHLETES,SAN DIEGO UNIFIED
2349,732,MERIDIAN ELEMENTARY,CAJON VALLEY UNION
2353,733,MERIT ACADEMY,GROSSMONT UNION HIGH
4425,734,MESA GRANDE INDIAN HOUSING AUTHORITY,
4429,735,MESA GRANDE INDIAN HOUSING AUTHORITY SITE 2,
2357,736,MESA VERDE MIDDLE,POWAY UNIFIED
2373,737,METHODSCHOOLS,DEHESA ELEMENTARY
4653,738,METRO AREA ADVISORY COMMITTEE (DIFFERENCT FROM HONEY BEE),
2361,739,METRO COMMUNITY SCHOOLS,
2365,740,METRO TECH ACADEMY BLENDED COMMUNITY SCHOOL,
4657,741,METRO VILLAS APARTMENTS,
2369,742,MID CITY 1 AND 2-ANNEX,
2377,743,MIDLAND ELEMENTARY,POWAY UNIFIED
2381,744,MIKE CHOATE EARLY CHILDHOOD EDUCATION CENTER,
2385,745,MILLENNIAL TECH MIDDLE,SAN DIEGO UNIFIED
2389,746,MILLER ELEMENTARY,ESCONDIDO UNION
2393,747,MILLER ELEMENTARY,SAN DIEGO UNIFIED
2397,748,MIRA MESA COMMUNITY SCHOOL,
2401,749,MIRA MESA HIGH,SAN DIEGO UNIFIED
4961,750,MIRA MESA PARK & REC,
4965,751,MIRAMAR AIRSTATION CHILD YOUTH & TEEN CENTER,
2405,752,MIRAMAR RANCH ELEMENTARY,SAN DIEGO UNIFIED
2409,753,MISSION BAY HIGH,SAN DIEGO UNIFIED
4433,754,MISSION COVE APARTMENTS,
2413,755,MISSION ELEMENTARY,OCEANSIDE UNIFIED
2417,756,MISSION ESTANCIA ELEMENTARY,ENCINITAS UNION ELEMENTARY
2421,757,MISSION HILLS HIGH,SAN MARCOS UNIFIED
2425,758,MISSION MEADOWS ELEMENTARY,VISTA UNIFIED
2429,759,MISSION MIDDLE,ESCONDIDO UNION
4289,760,MISSION MIDDLE SCHOOL X-TRACK,
2433,761,MISSION VALLEY LC - AUDEO-ANNEX,
2437,762,MISSION VISTA HIGH,VISTA UNIFIED
5149,763,MITCHELL BRANCH,
2441,764,MONARCH,SAN DIEGO COUNTY OFFICE OF EDUCATION
2445,765,MONARCH ELEMENTARY COMMUNITY DAY,
2449,766,MONTE VISTA ELEMENTARY,VISTA UNIFIED
2453,767,MONTE VISTA HIGH,GROSSMONT UNION HIGH
2457,768,MONTECITO HIGH (CONTINUATION),RAMONA CITY UNIFIED
2461,769,MONTEREY HEIGHTS ELEMENTARY,LEMON GROVE
2465,770,MONTEREY RIDGE ELEMENTARY,POWAY UNIFIED
2469,771,MONTEZUMA CDC,
2473,772,MONTGOMERY (JOHN J.) ELEMENTARY,CHULA VISTA ELEMENTARY
5281,773,MONTGOMERY ADULT,SWEETWATER UNION HIGH
2477,774,MONTGOMERY MIDDLE,SAN DIEGO UNIFIED
2481,775,MONTGOMERY MIDDLE,CAJON VALLEY UNION
2485,776,MONTGOMERY MIDDLE,SWEETWATER UNION HIGH
2489,777,MONTGOMERY SENIOR HIGH,SWEETWATER UNION HIGH
5077,778,MONTGOMERY WALLER RECREACTION CENTER,
2493,779,MORNING CREEK ELEMENTARY,POWAY UNIFIED
2497,780,MORSE HIGH,SAN DIEGO UNIFIED
2501,781,MOSAICA ONLINE ACADEMY OF SOUTHERN CALIFORNIA,DEHESA ELEMENTARY
2509,782,MOUNT MIGUEL HIGH,GROSSMONT UNION HIGH
2513,783,MOUNTAIN EMPIRE HIGH,MOUNTAIN EMPIRE UNIFIED
5285,784,MOUNTAIN EMPIRE SPECIAL EDUCATION PRESCHOOL,MOUNTAIN EMPIRE UNIFIED
2505,785,MOUNTAIN REGION COURT (JUVENILE RANCH FACILITY),
2517,786,MOUNTAIN VALLEY ACADEMY,RAMONA CITY UNIFIED
4969,787,MOUNTAIN VIEW COMMUNITY CENTER,
2521,788,MOUNTAIN VIEW LEARNING ACADEMY,ALPINE UNION ELEMENTARY
2525,789,MT. CARMEL HIGH,POWAY UNIFIED
4661,790,MT. ERIE BAPTIST CHURCH,
5201,791,MT. ERIE CHRISTIAN ACADEMY,
2529,792,MT. EVEREST ACADEMY,SAN DIEGO UNIFIED
5289,793,MT. MIGUEL ADULT CENTER,GROSSMONT UNION HIGH
2533,794,MT. VERNON,LEMON GROVE
2537,795,MT. WOODSON ELEMENTARY,RAMONA CITY UNIFIED
2541,796,MUELLER CHARTER (ROBERT L.),CHULA VISTA ELEMENTARY
2545,797,MUIRLANDS MIDDLE,SAN DIEGO UNIFIED
2549,798,MURAOKA (SABURO) ELEMENTARY,CHULA VISTA ELEMENTARY
2553,799,MURDOCK ELEMENTARY,LA MESA-SPRING VALLEY
4973,800,MURPHY CANYON KID CONNECTION,
4977,801,MURPHY CANYON YOUTH CENTER,
2557,802,MURRAY MANOR ELEMENTARY,LA MESA-SPRING VALLEY
2561,803,MUSEUM,SAN DIEGO UNIFIED
2565,804,NARANCA ELEMENTARY,CAJON VALLEY UNION
5293,805,NATIONAL CITY ADULT,SWEETWATER UNION HIGH
2569,806,NATIONAL CITY MIDDLE,SWEETWATER UNION HIGH
5105,807,NATIONAL CITY POLICA DEPATMENT RESOURCE CENTER,
5297,808,NATIONAL SCHOOL DISTRICT PRESCHOOL,NATIONAL ELEMENTARY
2573,809,NATIONAL UNIVERSITY ACADEMY,LAKESIDE UNION ELEMENTARY
2577,810,NATIONAL UNIVERSITY ACADEMY 1001 STEAM,SAN DIEGO UNIFIED
2581,811,NATIONAL UNIVERSITY ACADEMY DUAL LANGUAGE INSTITUTE,SAN DIEGO COUNTY OFFICE OF EDUCATION
2585,812,NATIONAL UNIVERSITY ACADEMY SPARROW,LA MESA-SPRING VALLEY
2589,813,NATIVITY PREP ACADEMY,
4777,814,"NBVC YOUTH CENTER, POINT MUGU",
4781,815,"NBVC YOUTH CENTER, PORT HUENEME",
2593,816,NESTOR LANGUAGE ACADEMY CHARTER,SOUTH BAY UNION
2605,817,"NEW ALTERNATIVE, INC.",
2609,818,NEW ALTERNATIVES #17,
2613,819,NEW ALTERNATIVES INC. #18,
2617,820,"NEW ALTERNATIVES, #15",
2621,821,"NEW ALTERNATIVES, INC #5",
2625,822,"NEW ALTERNATIVES, INC.",
2629,823,"NEW ALTERNATIVES, INC. #16",
2633,824,NEW HAVEN SCHOOL,
2637,825,NEW HAVEN YOUTH AND FAMILY SERVICES,
2641,826,NEW HAVEN-CONNIE GAYLE,
11,827,NEW HAVEN-DEBRA LANE,
2649,828,NEW HAVEN-DURIAN HOUSE,
2653,829,NEW HAVEN-LUPE HOUSE,
2657,830,NEW HAVEN-MEADOWLAKE,
2661,831,NEW HAVEN-PINA LANE,
2665,832,NEW HAVEN-TEEN HOUSE,
2669,833,NEW HAVEN-THOMSON HOUSE,
4665,834,NEW SEASONS CHURCH,
4669,835,NEW SEASONS EL CAJON,
4673,836,NEW VISION CHRISTIAN FELLOWSHIP,
2597,837,NICHOLS ELEMENTARY,OCEANSIDE UNIFIED
2601,838,NICOLAYSEN COMMUNITY DAY,ESCONDIDO UNION
2729,839,"NONPUBLIC, NONSECTARIAN SCHOOLS",BONSALL UNIFIED
2721,840,"NONPUBLIC, NONSECTARIAN SCHOOLS",CAJON VALLEY UNION
2685,841,"NONPUBLIC, NONSECTARIAN SCHOOLS",CARDIFF ELEMENTARY
2733,842,"NONPUBLIC, NONSECTARIAN SCHOOLS",CARLSBAD UNIFIED
2673,843,"NONPUBLIC, NONSECTARIAN SCHOOLS",CHULA VISTA ELEMENTARY
2677,844,"NONPUBLIC, NONSECTARIAN SCHOOLS",CORONADO UNIFIED
2693,845,"NONPUBLIC, NONSECTARIAN SCHOOLS",DEL MAR UNION ELEMENTARY
2757,846,"NONPUBLIC, NONSECTARIAN SCHOOLS",ENCINITAS UNION ELEMENTARY
2769,847,"NONPUBLIC, NONSECTARIAN SCHOOLS",ESCONDIDO UNION HIGH
2745,848,"NONPUBLIC, NONSECTARIAN SCHOOLS",FALLBROOK UNION ELEMENTARY
2717,849,"NONPUBLIC, NONSECTARIAN SCHOOLS",FALLBROOK UNION HIGH
2709,850,"NONPUBLIC, NONSECTARIAN SCHOOLS",GROSSMONT UNION HIGH
2761,851,"NONPUBLIC, NONSECTARIAN SCHOOLS",JAMUL-DULZURA UNION ELEMENTARY
2765,852,"NONPUBLIC, NONSECTARIAN SCHOOLS",JULIAN UNION ELEMENTARY
2789,853,"NONPUBLIC, NONSECTARIAN SCHOOLS",JULIAN UNION HIGH
2793,854,"NONPUBLIC, NONSECTARIAN SCHOOLS",LA MESA-SPRING VALLEY
2785,855,"NONPUBLIC, NONSECTARIAN SCHOOLS",LAKESIDE UNION ELEMENTARY
2697,856,"NONPUBLIC, NONSECTARIAN SCHOOLS",LEMON GROVE
2749,857,"NONPUBLIC, NONSECTARIAN SCHOOLS",MOUNTAIN EMPIRE UNIFIED
2713,858,"NONPUBLIC, NONSECTARIAN SCHOOLS",NATIONAL ELEMENTARY
2797,859,"NONPUBLIC, NONSECTARIAN SCHOOLS",OCEANSIDE UNIFIED
2753,860,"NONPUBLIC, NONSECTARIAN SCHOOLS",POWAY UNIFIED
2701,861,"NONPUBLIC, NONSECTARIAN SCHOOLS",RAMONA CITY UNIFIED
2773,862,"NONPUBLIC, NONSECTARIAN SCHOOLS",SAN DIEGO UNIFIED
2777,863,"NONPUBLIC, NONSECTARIAN SCHOOLS",SAN DIEGUITO UNION HIGH
2705,864,"NONPUBLIC, NONSECTARIAN SCHOOLS",SAN MARCOS UNIFIED
2741,865,"NONPUBLIC, NONSECTARIAN SCHOOLS",SAN YSIDRO ELEMENTARY
2781,866,"NONPUBLIC, NONSECTARIAN SCHOOLS",SANTEE
2737,867,"NONPUBLIC, NONSECTARIAN SCHOOLS",SOUTH BAY UNION
2689,868,"NONPUBLIC, NONSECTARIAN SCHOOLS",SWEETWATER UNION HIGH
2725,869,"NONPUBLIC, NONSECTARIAN SCHOOLS",VALLEY CENTER-PAUMA UNIFIED
2681,870,"NONPUBLIC, NONSECTARIAN SCHOOLS",VISTA UNIFIED
2801,871,NORMAL HEIGHTS ELEMENTARY,SAN DIEGO UNIFIED
2805,872,NORMAN L. SULLIVAN MIDDLE,BONSALL UNIFIED
2809,873,NORTH BROADWAY ELEMENTARY,ESCONDIDO UNION
4981,874,NORTH CLAIREMONT PARK & REC CENTER,
2833,875,NORTH COAST ALTERNATIVE HIGH,SAN DIEGUITO UNION HIGH
2813,876,NORTH COAST PROJECT OZ,
2837,877,NORTH COASTAL CONSORTIUM SCHOOLS,SAN DIEGO COUNTY OFFICE OF EDUCATION
4377,878,NORTH COUNTY BOYS AND GIRLS CLUB,
4437,879,NORTH COUNTY HEALTH SERVICES RAMONA HEALTH CENTER,
4441,880,NORTH COUNTY HEALTH SERVICES SAN MARCOS,
2821,881,NORTH COUNTY TECH & SCIENCE ACADEMY (NCTSA),
2841,882,NORTH COUNTY TRADE TECH HIGH,VISTA UNIFIED
2825,883,NORTH PARK 1 2 AND 3-ANNEX,
4985,884,NORTH PARK REC CENTER,
2829,885,NORTH REGION COMMUNITY DAY SCHOOLS,
2849,886,NORTH TERRACE ELEMENTARY,OCEANSIDE UNIFIED
2845,887,NORTHGATE-ANNEX,
2853,888,NORTHMONT ELEMENTARY,LA MESA-SPRING VALLEY
1,889,NOT MATCHED,NOT MATCHED
5185,890,NU-WAY INTERNATIONAL CHRISTIAN MINISTRIES,
2857,891,NYE ELEMENTARY,SAN DIEGO UNIFIED
2861,892,OAK CREST MIDDLE,SAN DIEGUITO UNION HIGH
2865,893,OAK GLEN HIGH,VALLEY CENTER-PAUMA UNIFIED
2869,894,OAK GROVE MIDDLE,JAMUL-DULZURA UNION ELEMENTARY
2873,895,OAK HILL ELEMENTARY,ESCONDIDO UNION
2877,896,OAK PARK ELEMENTARY,SAN DIEGO UNIFIED
2881,897,OAK VALLEY MIDDLE,POWAY UNIFIED
2885,898,OAKHILL PRESCHOOL,
2889,899,OASIS HIGH (ALTERNATIVE),FALLBROOK UNION HIGH
2893,900,OCEAN AIR,DEL MAR UNION ELEMENTARY
2897,901,OCEAN BEACH ELEMENTARY,SAN DIEGO UNIFIED
4445,902,OCEAN DISCOVERY HOOVER HIGH,
2901,903,OCEAN KNOLL ELEMENTARY,ENCINITAS UNION ELEMENTARY
2905,904,OCEAN SHORES HIGH (CONTINUATION),OCEANSIDE UNIFIED
2909,905,OCEAN VIEW HILLS,SAN YSIDRO ELEMENTARY
2913,906,OCEANSIDE HIGH,OCEANSIDE UNIFIED
4989,907,OFARRELL COMMUNITY SCHOOL,
2917,908,OLD TOWN ACADEMY K-8 CHARTER,SAN DIEGO UNIFIED
2921,909,OLIVE ELEMENTARY,VISTA UNIFIED
2925,910,OLIVE PEIRCE MIDDLE,RAMONA CITY UNIFIED
2929,911,OLIVENHAIN PIONEER ELEMENTARY,ENCINITAS UNION ELEMENTARY
2933,912,OLIVEWOOD,NATIONAL ELEMENTARY
2937,913,OLYMPIAN HIGH,SWEETWATER UNION HIGH
2941,914,OLYMPIC VIEW ELEMENTARY,CHULA VISTA ELEMENTARY
2945,915,ONEONTA ELEMENTARY,SOUTH BAY UNION
2949,916,OPTIONS SECONDARY,SWEETWATER UNION HIGH
2953,917,ORANGE GLEN ELEMENTARY,ESCONDIDO UNION
2957,918,ORANGE GLEN HIGH,ESCONDIDO UNION HIGH
2961,919,OTAY ELEMENTARY,CHULA VISTA ELEMENTARY
2965,920,OTAY RANCH SENIOR HIGH,SWEETWATER UNION HIGH
5081,921,OTAY RECREATION CENTER,
5189,922,OTAY-NESTOR BRANCH LIBRARY,
2973,923,OUR LADY OF THE SACRED HEART,
2969,924,OXFORD PREPARATORY ACADEMY,BORREGO SPRINGS UNIFIED
5301,925,OXFORD PREPARATORY ACADEMY - SAN DIEGO COUNTY,BORREGO SPRINGS UNIFIED
2977,926,OZ-SAN DIEGO,
2981,927,PACIFIC AMERICAN ACADEMY,
2985,928,PACIFIC BEACH ELEMENTARY,SAN DIEGO UNIFIED
2993,929,PACIFIC BEACH LC - AUDEO-ANNEX,
2989,930,PACIFIC BEACH MIDDLE,SAN DIEGO UNIFIED
4993,931,PACIFIC BEACH PARK & REC CENTER,
3001,932,PACIFIC COAST ACADEMY,DEHESA ELEMENTARY
3005,933,PACIFIC RIM ELEMENTARY,CARLSBAD UNIFIED
3009,934,PACIFIC SPRINGS CHARTER,SAN DIEGO COUNTY OFFICE OF EDUCATION
3013,935,PACIFIC TRAILS MIDDLE,SAN DIEGUITO UNION HIGH
3017,936,PACIFIC VIEW CHARTER,OCEANSIDE UNIFIED
3021,937,PACIFIC VIEW LEADERSHIP ELEMENTARY,SAN DIEGO UNIFIED
5165,938,PACIFIC VILLAGE,
3025,939,PAINTED ROCK ELEMENTARY,POWAY UNIFIED
4449,940,PALA SPORTS COMPLEX,
3029,941,PALM ACADEMY FOR LEARNING,CORONADO UNIFIED
3033,942,PALM CANYON CONTINUATION HIGH,BORREGO SPRINGS UNIFIED
3037,943,PALMER WAY,NATIONAL ELEMENTARY
3041,944,PALMQUIST ELEMENTARY,OCEANSIDE UNIFIED
3045,945,PALOMA ELEMENTARY,SAN MARCOS UNIFIED
3049,946,PALOMAR ELEMENTARY,CHULA VISTA ELEMENTARY
4453,947,PALOMAR FAMILY YMCA,
3053,948,PALOMAR HIGH,SWEETWATER UNION HIGH
4293,949,PALOMAR YMCA,
3057,950,PARADISE HILLS ELEMENTARY,SAN DIEGO UNIFIED
4997,951,PARADISE HILLS REC CENTER,
3061,952,PARADISE VALLEY CHARTER SCHOOL-ANNEX,
3073,953,PARK DALE LANE ELEMENTARY,ENCINITAS UNION ELEMENTARY
5001,954,PARK DE LA CRUZ,
3065,955,PARK IN THE PARK,
3069,956,PARK TERRACE-ANNEX,
3077,957,PARK VILLAGE ELEMENTARY,POWAY UNIFIED
3081,958,PARKVIEW ELEMENTARY,CHULA VISTA ELEMENTARY
3085,959,PARKWAY MIDDLE,LA MESA-SPRING VALLEY
3089,960,PATHWAYS ACADEMY CHARTER,BONSALL UNIFIED
3093,961,PAUL ECKE-CENTRAL ELEMENTARY,ENCINITAS UNION ELEMENTARY
3097,962,PAUMA ELEMENTARY,VALLEY CENTER-PAUMA UNIFIED
4297,963,PAYNE FAMILY BRANCH (FORMERLY NATIONAL CITY BRANCH),
5005,964,PENN ATHLETIC FIELD,
3101,965,PENN ELEMENTARY,SAN DIEGO UNIFIED
3105,966,PEPPER DRIVE ELEMENTARY,SANTEE
3109,967,PERKINS K-8,SAN DIEGO UNIFIED
3113,968,PERRY ELEMENTARY,SAN DIEGO UNIFIED
3117,969,PERSHING MIDDLE,SAN DIEGO UNIFIED
5305,970,PHOENIX HIGH,GROSSMONT UNION HIGH
3121,971,PHOENIX HOUSE SAN DIEGO INC.,
4829,972,PINE SUMMIT CAMP AND CONFERENCE CENTER,
3125,973,PINE VALLEY MIDDLE,MOUNTAIN EMPIRE UNIFIED
3129,974,PIONEER ELEMENTARY,ESCONDIDO UNION
3133,975,PIONEER PRESCHOOL,
3137,976,PIVOT CHARTER SCHOOL - SAN DIEGO,MOUNTAIN EMPIRE UNIFIED
3141,977,PIVOT CHARTER SCHOOL - SAN DIEGO II,SAN MARCOS UNIFIED
3145,978,POINSETTIA ELEMENTARY,CARLSBAD UNIFIED
3149,979,POINT LOMA HIGH,SAN DIEGO UNIFIED
3153,980,POMERADO ELEMENTARY,POWAY UNIFIED
3157,981,PORTER ELEMENTARY,SAN DIEGO UNIFIED
3161,982,PORTER ELEMENTARY (NORTH CAMPUS) -ANNEX,
5009,983,PORTER NORTH ELEMENTARY SUMMER,
3165,984,POTRERO ELEMENTARY,MOUNTAIN EMPIRE UNIFIED
5309,985,POWAY ADULT,POWAY UNIFIED
3169,986,POWAY HIGH,POWAY UNIFIED
3173,987,PREUSS SCHOOL UCSD,SAN DIEGO UNIFIED
3177,988,PRIDE ACADEMY AT PROSPECT AVENUE,SANTEE
4677,989,PROJECT ACCESS,
3181,990,PROJECT SELF SUFFICIENCY TREATMENT,
3185,991,PROSPECT PRESCHOOL,
3189,992,QUANTUM ACADEMY,ESCONDIDO UNION
3193,993,QUEST ACADEMY,LA MESA-SPRING VALLEY
3197,994,R. ROGER ROWE ELEMENTARY,RANCHO SANTA FE ELEMENTARY
3201,995,R. ROGER ROWE MIDDLE,RANCHO SANTA FE ELEMENTARY
3205,996,RAI ONLINE CHARTER,VALLECITOS ELEMENTARY
5313,997,RAMONA ADULT,RAMONA CITY UNIFIED
4301,998,RAMONA BRANCH,
4457,999,RAMONA BRANCH LIBRARY,
3209,1000,RAMONA COMMUNITY,RAMONA CITY UNIFIED
3213,1001,RAMONA ELEMENTARY,RAMONA CITY UNIFIED
3217,1002,RAMONA HIGH,RAMONA CITY UNIFIED
3221,1003,RANCHO BERNARDO HIGH,POWAY UNIFIED
3225,1004,RANCHO BUENA VISTA HIGH,VISTA UNIFIED
3229,1005,RANCHO DE LA NACION,NATIONAL ELEMENTARY
3233,1006,RANCHO DEL REY MIDDLE,SWEETWATER UNION HIGH
3237,1007,RANCHO ELEMENTARY,LA MESA-SPRING VALLEY
3241,1008,RANCHO MINERVA MIDDLE,VISTA UNIFIED
3245,1009,RANCHO SAN DIEGO ELEMENTARY,CAJON VALLEY UNION
3249,1010,REACH ACADEMY,GROSSMONT UNION HIGH
3261,1011,REDDING (RAY) HIGH (CONTINUATION),JULIAN UNION HIGH
4681,1012,REFLECTIONS,
3253,1013,REFLECTIONS CENTRAL SCHOOL,
3257,1014,REFLECTIONS NORTH,
3265,1015,REIDY CREEK ELEMENTARY,ESCONDIDO UNION
4325,1016,RENETTE PARK COMMUNITY CENTER,
3269,1017,REYNOLDS ELEMENTARY,OCEANSIDE UNIFIED
3273,1018,RICE (LILIAN J.) ELEMENTARY,CHULA VISTA ELEMENTARY
3277,1019,RICHLAND ELEMENTARY,SAN MARCOS UNIFIED
3281,1020,RILEY/NEW DAWN,SAN DIEGO UNIFIED
4461,1021,RINCON BALL FIELDS,
3285,1022,RINCON MIDDLE,ESCONDIDO UNION
3289,1023,RIO SECO ELEMENTARY,SANTEE
3293,1024,RIOS ELEMENTARY,CAJON VALLEY UNION
3297,1025,RIVER VALLEY CHARTER,LAKESIDE UNION ELEMENTARY
3301,1026,RIVERVIEW ELEMENTARY,LAKESIDE UNION ELEMENTARY
5085,1027,ROBERT EGGER SR. SOUTH BAY RECREATION CENTER,
3305,1028,ROCK SPRINGS ELEMENTARY,ESCONDIDO UNION
3309,1029,RODRIGUEZ ELEMENTARY,SAN DIEGO UNIFIED
3313,1030,ROGERS (GREG) ELEMENTARY,CHULA VISTA ELEMENTARY
3317,1031,ROHR (FRED H.) ELEMENTARY,CHULA VISTA ELEMENTARY
3321,1032,ROLANDO ELEMENTARY,LA MESA-SPRING VALLEY
3325,1033,ROLANDO PARK ELEMENTARY,SAN DIEGO UNIFIED
3329,1034,ROLLING HILLS ELEMENTARY,POWAY UNIFIED
4305,1035,RON ROBERTS BRANCH (FORMERLY LINDA VISTA BRANCH),
3333,1036,ROOSEVELT INTERNATIONAL MIDDLE,SAN DIEGO UNIFIED
3337,1037,ROOSEVELT MIDDLE,VISTA UNIFIED
5013,1038,ROOSEVELT MIDDLE SUMMER,
3341,1039,ROSA PARKS ELEMENTARY,SAN DIEGO UNIFIED
3345,1040,ROSE ELEMENTARY,ESCONDIDO UNION
3349,1041,ROSE PRESCHOOL,
3353,1042,ROSEBANK ELEMENTARY,CHULA VISTA ELEMENTARY
3357,1043,ROSS ELEMENTARY,SAN DIEGO UNIFIED
3361,1044,ROWAN CDC,
3365,1045,ROWAN ELEMENTARY,SAN DIEGO UNIFIED
3369,1046,S.D.C.F.C.-SAN DIEGO CENTER FOR CHILDREN,
3373,1047,SAGE CANYON,DEL MAR UNION ELEMENTARY
3377,1048,SAGE CREEK HIGH,CARLSBAD UNIFIED
3381,1049,SAILS,
3385,1050,SALT CREEK ELEMENTARY,CHULA VISTA ELEMENTARY
4833,1051,SALVATION ARMY KROC CENTER,
3393,1052,SAM AND ROSE STEIN EDUCATION CENTER,
3397,1053,SAM AND ROSE STEIN EDUCATION CENTER-DECENA SITE,
3389,1054,SAN ALTOS ELEMENTARY,LEMON GROVE
5321,1055,SAN DIEGO ADULT,SAN DIEGO UNIFIED
3401,1056,SAN DIEGO BUSINESS/LEADERSHIP,SAN DIEGO UNIFIED
3449,1057,SAN DIEGO CENTER FOR CHILDREN,
5325,1058,SAN DIEGO CONTINUING EDUCATION,SAN DIEGO COMMUNITY COLLEGE
3405,1059,SAN DIEGO COOPERATIVE CHARTER,SAN DIEGO UNIFIED
3409,1060,SAN DIEGO COOPERATIVE CHARTER SCHOOL 2,SAN DIEGO UNIFIED
3413,1061,SAN DIEGO COUNTY COMMUNITY,SAN DIEGO COUNTY OFFICE OF EDUCATION
3417,1062,SAN DIEGO COUNTY COURT,SAN DIEGO COUNTY OFFICE OF EDUCATION
5329,1063,SAN DIEGO COUNTY ROP,SAN DIEGO COUNTY ROP
3421,1064,SAN DIEGO COUNTY SPECIAL EDUCATION,SAN DIEGO COUNTY OFFICE OF EDUCATION
3425,1065,SAN DIEGO EARLY/MIDDLE COLLEGE,SAN DIEGO UNIFIED
3429,1066,SAN DIEGO GLOBAL VISION ACADEMY,SAN DIEGO UNIFIED
3433,1067,SAN DIEGO GLOBAL VISION ACADEMY MIDDLE,SAN DIEGO UNIFIED
3437,1068,SAN DIEGO INTERNATIONAL STUDIES,SAN DIEGO UNIFIED
3441,1069,SAN DIEGO METRO CAREER AND TECH,SAN DIEGO UNIFIED
5333,1070,SAN DIEGO MISSION ACADEMY,WARNER UNIFIED
3445,1071,SAN DIEGO MVP ARTS,SAN DIEGO UNIFIED
3457,1072,SAN DIEGO NEIGHBORHOOD HOMESCHOOLS,MOUNTAIN EMPIRE UNIFIED
3461,1073,SAN DIEGO SCIENCE AND TECHNOLOGY,SAN DIEGO UNIFIED
3465,1074,SAN DIEGO SCPA,SAN DIEGO UNIFIED
3469,1075,SAN DIEGO VIRTUAL,MOUNTAIN EMPIRE UNIFIED
3473,1076,SAN DIEGO WORKFORCE INNOVATION HIGH,BORREGO SPRINGS UNIFIED
3453,1077,SAN DIEGO YOUTH AQUATIC CENTER,
4685,1078,SAN DIEGO YOUTH SERVICES,
5337,1079,SAN DIEGUITO ADULT HIGH,SAN DIEGUITO UNION HIGH
3477,1080,SAN DIEGUITO HIGH ACADEMY,SAN DIEGUITO UNION HIGH
5341,1081,SAN DIEGUITO HS ACADEMY,SAN DIEGUITO UNION HIGH
3481,1082,SAN ELIJO ELEMENTARY,SAN MARCOS UNIFIED
3485,1083,SAN ELIJO MIDDLE,SAN MARCOS UNIFIED
3489,1084,SAN JOSE VALLEY CONTINUATION HIGH,WARNER UNIFIED
3493,1085,SAN LUIS REY ELEMENTARY,OCEANSIDE UNIFIED
5345,1086,SAN MARCOS ADULT,SAN MARCOS UNIFIED
3497,1087,SAN MARCOS ELEMENTARY,SAN MARCOS UNIFIED
3501,1088,SAN MARCOS HIGH,SAN MARCOS UNIFIED
3505,1089,SAN MARCOS MIDDLE,SAN MARCOS UNIFIED
3509,1090,SAN MIGUEL ELEMENTARY,LEMON GROVE
3513,1091,SAN ONOFRE ELEMENTARY,FALLBROOK UNION ELEMENTARY
3517,1092,SAN PASQUAL ACADEMY,SAN DIEGO COUNTY OFFICE OF EDUCATION
4465,1093,SAN PASQUAL BALLFIELDS,
3521,1094,SAN PASQUAL HIGH,ESCONDIDO UNION HIGH
3525,1095,SAN PASQUAL UNION ELEMENTARY,SAN PASQUAL UNION ELEMENTARY
3529,1096,SAN YSIDRO ADULT EDUCATION CENTER,
5089,1097,SAN YSIDRO COMMUNITY ACTIVITY CENTER,
3533,1098,SAN YSIDRO HIGH,SWEETWATER UNION HIGH
3537,1099,SAN YSIDRO MIDDLE,SAN YSIDRO ELEMENTARY
3541,1100,SANDBURG ELEMENTARY,SAN DIEGO UNIFIED
3545,1101,SANTA MARGARITA ACADEMY,FALLBROOK UNION ELEMENTARY
3549,1102,SANTA MARGARITA ELEMENTARY,OCEANSIDE UNIFIED
5349,1103,SANTA ROSA COMMUNITY DAY,BORREGO SPRINGS UNIFIED
4469,1104,SANTA YSABEL BALL FIELDS,
5353,1105,SANTANA ADULT CENTER,GROSSMONT UNION HIGH
3553,1106,SANTANA HIGH,GROSSMONT UNION HIGH
3557,1107,SANTEE ALTERNATIVE,SANTEE
4521,1108,SANTEE ASES PROGRAM,
4525,1109,SANTEE RECREATION CENTER,
3561,1110,SANTEE SUCCESS PROGRAM,SANTEE
3565,1111,SCHOLARSHIP PREP - OCEANSIDE,SAN DIEGO COUNTY OFFICE OF EDUCATION
3569,1112,SCHOOL FOR ENTREPRENEURSHIP AND TECHNOLOGY,SAN DIEGO UNIFIED
3573,1113,SCHOOL OF UNIVERSAL LEARNING (SOUL),SAN DIEGO COUNTY OFFICE OF EDUCATION
3577,1114,"SCIENCE, TECHNOLOGY, ENGINEERING, ARTS, AND MATH ACADEMY AT LA PRESA",LA MESA-SPRING VALLEY
3581,1115,SCRIPPS ELEMENTARY,SAN DIEGO UNIFIED
3585,1116,SCRIPPS RANCH HIGH,SAN DIEGO UNIFIED
3597,1117,SD GLOBAL VISION ACADEMY,SAN DIEGO UNIFIED
3589,1118,SDCOE SUMMIT,
4845,1119,SDSU UPWARD BOUND,
4849,1120,SDSU UPWARD BOUND STAR,
3593,1121,SECOND CHANCE INDEPENDENT STUDY,
3601,1122,SEQUOIA ELEMENTARY,SAN DIEGO UNIFIED
3605,1123,SERRA HIGH,SAN DIEGO UNIFIED
5017,1124,SERRA MESA PARK & REC,
3609,1125,SESSIONS ELEMENTARY,SAN DIEGO UNIFIED
3613,1126,SEVICK SPECIAL EDUCATION,
3617,1127,SHADOW HILLS ELEMENTARY,ALPINE UNION ELEMENTARY
3621,1128,SHERMAN ELEMENTARY,SAN DIEGO UNIFIED
5021,1129,SHERMAN HEIGHTS COMMUNITY CENTER,
3625,1130,SHOAL CREEK ELEMENTARY,POWAY UNIFIED
3629,1131,SIATECH,VISTA UNIFIED
3633,1132,SILVER GATE ELEMENTARY,SAN DIEGO UNIFIED
3637,1133,SILVER STRAND ELEMENTARY,CORONADO UNIFIED
3641,1134,SILVER WING ELEMENTARY,CHULA VISTA ELEMENTARY
5093,1135,SILVER WING RECREATION CENTER,
3645,1136,SKYLINE ELEMENTARY,SOLANA BEACH ELEMENTARY
5025,1137,SKYLINE HILLS REC CENTER,
3649,1138,SMYTHE ELEMENTARY,SAN YSIDRO ELEMENTARY
3653,1139,SOLANA HIGHLANDS ELEMENTARY,SOLANA BEACH ELEMENTARY
3657,1140,SOLANA PACIFIC ELEMENTARY,SOLANA BEACH ELEMENTARY
3661,1141,SOLANA RANCH ELEMENTARY,SOLANA BEACH ELEMENTARY
3665,1142,SOLANA SANTA FE ELEMENTARY,SOLANA BEACH ELEMENTARY
3669,1143,SOLANA VISTA ELEMENTARY,SOLANA BEACH ELEMENTARY
3673,1144,SORRENTO MESA LC - AUDEO CHARTER -ANNEX,
3677,1145,SOUTH BAY COMMUNITY SCHOOL,
3681,1146,SOUTH BAY COUNTY BLENDED COMM SCHOOL,
5029,1147,SOUTH CLAIREMONT PARK & REC,
5033,1148,SOUTH CREST REC CENTER,
3685,1149,SOUTH OCEANSIDE ELEMENTARY,OCEANSIDE UNIFIED
3689,1150,SOUTH REGION COMMUNITY DAY SCHOOLS,
3693,1151,SOUTHLAND BLENDED COMM SCHOOL,
3697,1152,SOUTHWEST MIDDLE,SWEETWATER UNION HIGH
3701,1153,SOUTHWEST SENIOR HIGH,SWEETWATER UNION HIGH
5357,1154,SPECIAL EDUCATION PRESCHOOL,CHULA VISTA ELEMENTARY
4361,1155,SPECIAL EDUCATION TRANSITION CLASS,
3709,1156,SPENCER VALLEY ELEMENTARY,SPENCER VALLEY ELEMENTARY
5097,1157,SPORTS PARK OF IMPERIAL BEACH,
28,1158,SPORTS PARK RECREATION CENTER,
3705,1159,SPORTS SCIENCE ACADEMY,
3713,1160,SPRECKELS ELEMENTARY,SAN DIEGO UNIFIED
3717,1161,SPRING VALLEY ACADEMY,LA MESA-SPRING VALLEY
4741,1162,SPRING VALLEY COMMUNITY CENTER,
4745,1163,SPRING VALLEY LIBRARY,
3721,1164,SPRING VALLEY MIDDLE,LA MESA-SPRING VALLEY
4689,1165,SPRING VALLEY REC CLUB,
3725,1166,SPRINGALL ACADEMY,
3729,1167,ST. DIDACUS  SCHOOL,
3733,1168,ST. DIDACUS PARISH SCHOOL,
3737,1169,ST. JOHN OF THE CROSS,
3741,1170,ST. MARTIN OF TOURS ACADEMY,
3745,1171,ST. MICHAEL'S SCHOOL,
3749,1172,ST. PATRICK CATHOLIC SCHOOL,
3753,1173,ST. PATRICK'S ELEMENTARY,
3757,1174,ST. RITA'S SCHOOL,
3761,1175,STANDLEY MIDDLE,SAN DIEGO UNIFIED
5361,1176,STEELE CANYON ADULT CENTER,GROSSMONT UNION HIGH
3765,1177,STEELE CANYON HIGH,GROSSMONT UNION HIGH
19,1178,STEP PROGRAM,
3769,1179,STEPHEN W. HAWKING CHARTER,SWEETWATER UNION HIGH
3773,1180,"STEPHEN W. HAWKING II SCIENCE, TECHNOLOGY, ENGINEERING, ART AND MATH CHARTER",SWEETWATER UNION HIGH
3777,1181,STEPS,
5037,1182,STOCKTON REC CENTER,
3781,1183,STONE RANCH ELEMENTARY,POWAY UNIFIED
3785,1184,STUART MESA ELEMENTARY,OCEANSIDE UNIFIED
4309,1185,SULPIZIO FAMILY BRANCH,
3789,1186,SUMMIT NORTH,
3793,1187,SUNDANCE ELEMENTARY,POWAY UNIFIED
3797,1188,SUNNYSIDE ELEMENTARY,CHULA VISTA ELEMENTARY
3801,1189,SUNNYSLOPE ELEMENTARY,SOUTH BAY UNION
3805,1190,SUNSET ELEMENTARY,SAN YSIDRO ELEMENTARY
3809,1191,SUNSET HIGH (CONTINUATION),SAN DIEGUITO UNION HIGH
3813,1192,SUNSET HILLS ELEMENTARY,POWAY UNIFIED
3817,1193,SUNSET VIEW ELEMENTARY,SAN DIEGO UNIFIED
3821,1194,SWEETWATER COMMUNITY DAY,SWEETWATER UNION HIGH
3825,1195,SWEETWATER HIGH,SWEETWATER UNION HIGH
3829,1196,SWEETWATER SECONDARY,SBE - SWEETWATER SECONDARY
3833,1197,SWEETWATER SPRINGS ELEMENTARY,LA MESA-SPRING VALLEY
3837,1198,SYCAMORE CANYON ELEMENTARY,SANTEE
3841,1199,SYCAMORE RIDGE,DEL MAR UNION ELEMENTARY
4693,1200,SYHC-WIC CHULA VISTA,
3845,1201,T.H.E LEADERSHIP ACADEMY,VISTA UNIFIED
3849,1202,TAFT MIDDLE,SAN DIEGO UNIFIED
3861,1203,TAYLION SAN DIEGO ACADEMY,VALLECITOS ELEMENTARY
3853,1204,TEEN OPTIONS INDEPENDENT STUDY,
3857,1205,TEEN OUTREACH NORTH,
3865,1206,TEMPLE HEIGHTS ELEMENTARY,VISTA UNIFIED
3869,1207,TEOFILO MENDOZA,SOUTH BAY UNION
4529,1208,THE CLUB - LA MESA TEEN CENTER,
3885,1209,THE HEIGHTS CHARTER,DEHESA ELEMENTARY
3873,1210,THE INSTITUTE FOR EFFECTIVE EDUCATION (TIEE SITE 1) - CHILDREN'S,
3877,1211,THE INSTITUTE FOR EFFECTIVE EDUCATION (TIEE SITE 2) - URBAN SKIL,
3881,1212,THE INSTITUTE FOR EFFECTIVE EDUCATION (TIEE SITE 3) - COOK EDUCA,
5365,1213,THE LEARNING CHOICE ACADEMY - EAST COUNTY,GROSSMONT UNION HIGH
3889,1214,THE O'FARRELL CHARTER,SAN DIEGO UNIFIED
3893,1215,THRIVE PUBLIC,SBE - THRIVE PUBLIC
3901,1216,THRIVE PUBLIC SCHOOLS - COMSTOCK CAMPUS - ANNEX,
3905,1217,THRIVE PUBLIC SCHOOLS - HIGH SCHOOL,
3909,1218,THRIVE PUBLIC SCHOOLS - JUANITA CAMPUS-ANNEX,
3913,1219,THRIVE PUBLIC SCHOOLS - KROC CAMPUS-ANNEX,
3917,1220,THURGOOD MARSHALL COMMUNITY SCHOOL,
3921,1221,TIERRA BONITA ELEMENTARY,POWAY UNIFIED
3925,1222,TIERRA DEL SOL MIDDLE,LAKESIDE UNION ELEMENTARY
3929,1223,TIERRASANTA CHARTER-ANNEX,
3933,1224,TIERRASANTA ELEMENTARY,SAN DIEGO UNIFIED
5041,1225,TIERRASANTA PARK & REC,
3937,1226,TIFFANY (BURTON C.) ELEMENTARY,CHULA VISTA ELEMENTARY
3945,1227,TOLER ELEMENTARY,SAN DIEGO UNIFIED
3941,1228,TOP BLENDED,
3949,1229,TORREY HILLS,DEL MAR UNION ELEMENTARY
5193,1230,TORREY LEARNING CENTER,
3953,1231,TORREY PINES ELEMENTARY,SAN DIEGO UNIFIED
3957,1232,TORREY PINES HIGH,SAN DIEGUITO UNION HIGH
3961,1233,TRACE,SAN DIEGO UNIFIED
5369,1234,TRUST BLENDED LEARNING,LA MESA-SPRING VALLEY
3965,1235,TURTLEBACK ELEMENTARY,POWAY UNIFIED
3969,1236,TWAIN HIGH,SAN DIEGO UNIFIED
3973,1237,TWIN OAKS ELEMENTARY,SAN MARCOS UNIFIED
3977,1238,TWIN OAKS HIGH,SAN MARCOS UNIFIED
3981,1239,TWIN PEAKS MIDDLE,POWAY UNIFIED
4473,1240,UMI LEARNING CENTER,
3985,1241,UNIVERSITY CITY HIGH,SAN DIEGO UNIFIED
3993,1242,UNIVERSITY COMMUNITY SCHOOL,
5125,1243,UNIVERSITY OF SAN DIEGO STUDENT SUPPORT SERVICES BRIDGE,
5129,1244,UNIVERSITY OF SAN DIEGO TRIO UPWARD BOUND,
3989,1245,UNIVERSITY PREP,DEHESA ELEMENTARY
3997,1246,UNIVERSITY TOWN CENTER-ANNEX,
5109,1247,UPWARD BOUND #1,
5113,1248,UPWARD BOUND #2,
5117,1249,UPWARD BOUND MATH SCIENCE #1,
5121,1250,UPWARD BOUND MATH SCIENCE #2,
4005,1251,URBAN DISCOVERY ACADEMY CHARTER,SAN DIEGO UNIFIED
4477,1252,URBAN LIFE MINISTRIES,
4001,1253,URBAN SKILLS CENTER,
4013,1254,VALENCIA PARK ELEMENTARY,SAN DIEGO UNIFIED
4697,1255,VALENCIA PARK/MALCOLM X BRANCH LIBRARY,
4017,1256,VALHALLA HIGH,GROSSMONT UNION HIGH
4021,1257,VALIANT ACADEMY DESD,DEHESA ELEMENTARY
4025,1258,VALIANT ACADEMY OF SOUTHERN CALIFORNIA,DEHESA ELEMENTARY
4029,1259,VALLE LINDO ELEMENTARY,CHULA VISTA ELEMENTARY
4033,1260,VALLECITOS ELEMENTARY,FALLBROOK UNION HIGH
4481,1261,VALLEY CENTER BRANCH LIBRARY,
4041,1262,VALLEY CENTER ELEMENTARY,VALLEY CENTER-PAUMA UNIFIED
,1263,VALLEY CENTER ELEMENTARY LOWER,VALLEY CENTER-PAUMA UNIFIED
4045,1264,VALLEY CENTER HIGH,VALLEY CENTER-PAUMA UNIFIED
4049,1265,VALLEY CENTER MIDDLE,VALLEY CENTER-PAUMA UNIFIED
4053,1266,VALLEY CENTER PREP,VALLEY CENTER-PAUMA UNIFIED
4057,1267,VALLEY CENTER PRIMARY,VALLEY CENTER-PAUMA UNIFIED
5373,1268,VALLEY CENTER-PAUMA ADULT,VALLEY CENTER-PAUMA UNIFIED
4061,1269,VALLEY ELEMENTARY,POWAY UNIFIED
4065,1270,VALLEY HIGH (CONTINUATION),ESCONDIDO UNION HIGH
4069,1271,VALLEY MIDDLE,CARLSBAD UNIFIED
4073,1272,VALLEY VISTA ELEMENTARY,CHULA VISTA ELEMENTARY
4485,1273,VCC PROJECT REACH LIBBY LAKE,
4077,1274,VETERANS ELEMENTARY,CHULA VISTA ELEMENTARY
4081,1275,VICKING CENTER,
4085,1276,VICTORIA BLENDED COMMUNITY SCHOOL,
4089,1277,VICTORIA COMMUNITY SCHOOL,
4701,1278,VICTORY OUTREACH,
4489,1279,VIEJAS RECREATION CENTER,
5045,1280,VILLAGE AT SERRA MESA,
4705,1281,VILLAGE VIEW APARTMENTS,
4093,1282,VIP VILLAGE PRESCHOOL,
4097,1283,VISTA ACADEMY OF VISUAL AND PERFORMING ARTS,VISTA UNIFIED
4101,1284,VISTA ADULT TRANSITION CENTER,VISTA UNIFIED
4493,1285,VISTA BRANCH LIBRARY,
4109,1286,VISTA DEL MAR,SAN YSIDRO ELEMENTARY
4113,1287,VISTA GRANDE ELEMENTARY,SAN DIEGO UNIFIED
4117,1288,VISTA GRANDE ELEMENTARY,CAJON VALLEY UNION
5049,1289,VISTA GRANDE SUMMER,
4121,1290,VISTA HIGH,VISTA UNIFIED
4125,1291,VISTA INNOVATION AND DESIGN ACADEMY,VISTA UNIFIED
4129,1292,VISTA LA MESA ACADEMY,LEMON GROVE
4709,1293,VISTA LA MESA CHRISTIAN CHURCH,
4133,1294,"VISTA MAGNET MIDDLE SCHOOL OF TECHNOLOGY, SCIENCE, AND MATH",VISTA UNIFIED
4137,1295,VISTA SPRINGS CHARTER,SBE - VISTA SPRINGS CHARTER
4141,1296,VISTA SQUARE ELEMENTARY,CHULA VISTA ELEMENTARY
4713,1297,VISTA TERRACE HILLS,
4145,1298,VISTA VISIONS ACADEMY,VISTA UNIFIED
4149,1299,VIVIAN BANKS CHARTER,BONSALL UNIFIED
4497,1300,VIVIAN BANKS CHARTER SCHOOL,
4153,1301,W. D. HALL ELEMENTARY,CAJON VALLEY UNION
4157,1302,WALKER CDC,
4161,1303,WALKER ELEMENTARY,SAN DIEGO UNIFIED
4165,1304,WANGENHEIM MIDDLE,SAN DIEGO UNIFIED
4169,1305,WARNER ELEMENTARY,WARNER UNIFIED
4173,1306,WARNER JUNIOR/SENIOR HIGH,WARNER UNIFIED
4177,1307,WASHINGTON ELEMENTARY,SAN DIEGO UNIFIED
4365,1308,WASHINGTON PARK CENTER,
5053,1309,WATERFRONT,
4181,1310,WEBSTER ELEMENTARY,SAN DIEGO UNIFIED
4185,1311,WEGEFORTH CDC,
4189,1312,WEGEFORTH ELEMENTARY,SAN DIEGO UNIFIED
4197,1313,WEST HILLS HIGH,GROSSMONT UNION HIGH
4193,1314,WEST VIEW EARLY LEARNING CENTER,
4369,1315,WESTSIDE PARK,
4201,1316,WESTVIEW HIGH,POWAY UNIFIED
4205,1317,WESTWOOD ELEMENTARY,POWAY UNIFIED
4209,1318,WHITMAN ELEMENTARY,SAN DIEGO UNIFIED
4213,1319,WHITTIER K-12,SAN DIEGO UNIFIED
4717,1320,WIC NATIONAL CITY,
4217,1321,WILLIAM H. FRAZIER ELEMENTARY,FALLBROOK UNION ELEMENTARY
4313,1322,WILLIAM J OAKES BRANCH,
5057,1323,WILLIE HENDERSON SPORTS COMPLEX,
4221,1324,WILLOW ELEMENTARY,SAN YSIDRO ELEMENTARY
4225,1325,WILLOW GROVE ELEMENTARY,POWAY UNIFIED
4229,1326,WILSON MIDDLE,SAN DIEGO UNIFIED
4233,1327,WINTER GARDENS ELEMENTARY,LAKESIDE UNION ELEMENTARY
4237,1328,WOLF CANYON ELEMENTARY,CHULA VISTA ELEMENTARY
4533,1329,WOODGLEN VISTA APARTMENTS,
4241,1330,WOODLAND PARK MIDDLE,SAN MARCOS UNIFIED
4245,1331,WOODMAN-ANNEX,
4249,1332,WORTHINGTON SCHOOL,
4537,1333,YMCA - LA MESA,
4541,1334,YMCA - MCGRATH,
4545,1335,YMCA - SANTEE,
4721,1336,YMCA EARLY ENRICHMENT CENTER,
4373,1337,YMCA ESCONDIDO,
4725,1338,YMCA LEADERSHIP ACADEMY,
4253,1339,YOUTH DAY CENTER,
4257,1340,ZAMORANO ELEMENTARY,SAN DIEGO UNIFIED
,1341,CALIFORNIA PACIFIC CHARTER SCHOOL OF CENTRAL CALIFORNIA,
,1342,VISTA ADULT,
